Date,Season,HomeTeam,AwayTeam,Elo_Diff,Form5_Diff,Form10_Diff,GD10_Diff,SoT10_Diff,Venue_Form_Diff,Target
2021-09-25,2021/22,Watford,Newcastle,21.09471576534429,0.7999999999999999,0.7999999999999999,1.0,2.2,1.5,D
2021-09-25,2021/22,Chelsea,Man City,23.33277361893238,0.6000000000000001,0.6000000000000001,0.19999999999999973,-2.4000000000000004,1.5,A
2021-09-25,2021/22,Man United,Aston Villa,38.85863362293435,1.2000000000000002,1.2000000000000002,1.5999999999999999,2.0000000000000004,3.0,A
2021-09-25,2021/22,Everton,Norwich,69.70865985971454,2.0,2.0,3.0,4.800000000000001,3.0,H
2021-09-25,2021/22,Leeds,West Ham,-24.558947928300313,-1.0,-1.0,-2.2,-4.2,-1.5,A
2021-09-25,2021/22,Leicester,Burnley,31.089830323152,1.0,1.0,0.6000000000000001,-0.8000000000000007,1.5,D
2021-09-25,2021/22,Brentford,Liverpool,-25.793947894319672,-1.0,-1.0,-1.5999999999999996,-5.8,-1.5,D
2021-09-26,2021/22,Southampton,Wolves,22.698401230404897,0.20000000000000007,0.20000000000000007,0.20000000000000007,-0.6000000000000001,-0.5,A
2021-09-26,2021/22,Arsenal,Tottenham,-14.258186704955278,-0.6000000000000001,-0.6000000000000001,-0.7999999999999999,0.19999999999999973,0.0,H
2021-09-27,2021/22,Crystal Palace,Brighton,-32.7482709910455,-1.4,-1.4,-1.2,-4.199999999999999,-1.0,D
2021-10-02,2021/22,Man United,Everton,0.5186606308775481,0.0,0.0,0.4999999999999998,0.8333333333333335,0.6666666666666667,D
2021-10-02,2021/22,Burnley,Norwich,20.009923341882768,0.4,0.3333333333333333,1.333333333333333,1.166666666666667,0.3333333333333333,D
2021-10-02,2021/22,Chelsea,Southampton,46.89599049023491,1.2,1.5,2.166666666666667,0.6666666666666665,1.3333333333333335,H
2021-10-02,2021/22,Leeds,Watford,-17.531734735933696,-0.20000000000000007,-0.6666666666666667,-1.0000000000000002,-1.666666666666667,-0.6666666666666667,H
2021-10-02,2021/22,Wolves,Newcastle,10.658746982681123,0.6,0.5,0.8333333333333334,1.6666666666666665,-0.3333333333333333,H
2021-10-02,2021/22,Brighton,Arsenal,27.162078924034404,0.19999999999999996,0.6666666666666665,1.3333333333333333,1.8333333333333335,1.0,D
2021-10-03,2021/22,Crystal Palace,Leicester,4.762300926752005,0.3999999999999999,-0.16666666666666674,0.0,-0.3333333333333335,0.6666666666666667,D
2021-10-03,2021/22,Tottenham,Aston Villa,-15.00930055144363,-0.8,-0.16666666666666674,-1.1666666666666665,-1.8333333333333335,1.0,H
2021-10-03,2021/22,West Ham,Brentford,8.520096559410149,0.40000000000000013,0.33333333333333326,0.33333333333333337,2.166666666666667,-0.3333333333333335,A
2021-10-03,2021/22,Liverpool,Man City,7.851510502955989,-0.3999999999999999,0.16666666666666696,2.220446049250313e-16,0.833333333333333,0.3333333333333335,D
2021-10-16,2021/22,Brentford,Chelsea,-13.600670256781541,-0.3999999999999999,-0.5714285714285714,-1.1428571428571428,-1.9999999999999996,-1.0000000000000002,A
2021-10-16,2021/22,Southampton,Leeds,-6.093747719364046,-0.4,-0.2857142857142857,0.2857142857142857,0.8571428571428572,0.0,H
2021-10-16,2021/22,Norwich,Brighton,-80.3288330415121,-1.4000000000000001,-1.8571428571428572,-2.4285714285714284,-4.2857142857142865,-2.3333333333333335,D
2021-10-16,2021/22,Man City,Burnley,70.34145710573489,1.6,1.5714285714285714,2.4285714285714284,4.857142857142856,2.0,H
2021-10-16,2021/22,Leicester,Man United,-33.54896626040636,-1.0,-0.8571428571428572,-1.5714285714285712,-4.142857142857142,-1.0000000000000002,H
2021-10-16,2021/22,Aston Villa,Wolves,13.202748210087975,-0.40000000000000013,0.1428571428571428,0.2857142857142856,-0.28571428571428603,0.3333333333333335,A
2021-10-16,2021/22,Watford,Liverpool,-55.15213738958232,-1.0,-1.1428571428571428,-1.9999999999999998,-5.571428571428571,-1.0000000000000002,A
2021-10-17,2021/22,Everton,West Ham,21.467222552022577,1.0,0.4285714285714286,0.14285714285714302,-0.5714285714285716,0.6666666666666665,A
2021-10-17,2021/22,Newcastle,Tottenham,-42.264421485202774,-0.6,-1.2857142857142856,-0.5714285714285713,-1.2857142857142851,-0.33333333333333337,A
2021-10-18,2021/22,Arsenal,Crystal Palace,11.451822406977954,0.8,0.4285714285714286,-0.2857142857142857,1.8571428571428572,1.6666666666666667,D
2021-10-22,2021/22,Arsenal,Aston Villa,9.332425322582594,1.0000000000000002,0.125,-0.625,0.0,1.0,H
2021-10-23,2021/22,Chelsea,Norwich,100.28255101484001,2.0,2.125,3.375,3.375,2.0,H
2021-10-23,2021/22,Crystal Palace,Newcastle,40.21961073003763,0.7999999999999999,0.625,0.75,0.125,1.25,D
2021-10-23,2021/22,Everton,Watford,45.201024356838616,0.5999999999999999,0.875,1.5,2.125,1.5,A
2021-10-23,2021/22,Leeds,Wolves,-31.428225600397127,-1.5999999999999999,-0.75,-1.0,-1.875,-1.25,D
2021-10-23,2021/22,Southampton,Burnley,28.001721534906892,0.6,0.5,0.5,1.625,1.0,D
2021-10-23,2021/22,Brighton,Man City,-12.496070364716616,-0.40000000000000013,-0.25,-1.25,-2.375,0.0,A
2021-10-24,2021/22,West Ham,Tottenham,1.1449989576283315,0.19999999999999996,-0.125,1.0,1.5,-0.5,H
2021-10-24,2021/22,Man United,Liverpool,-30.097802669080465,-0.8000000000000003,-0.5,-1.25,-3.0,-0.75,A
2021-10-24,2021/22,Brentford,Leicester,9.81814690702845,0.3999999999999999,0.125,0.5,1.25,0.0,A
2021-10-30,2021/22,Leicester,Arsenal,2.691874497242452,-0.6000000000000001,0.0,0.33333333333333326,-0.8888888888888884,0.75,A
2021-10-30,2021/22,Burnley,Brentford,-41.079326498529554,-0.7999999999999999,-0.8888888888888888,-1.1111111111111112,-1.7777777777777777,-1.5,H
2021-10-30,2021/22,Liverpool,Brighton,42.432424863035294,1.0000000000000002,0.6666666666666667,2.3333333333333335,4.555555555555555,0.0,D
2021-10-30,2021/22,Man City,Crystal Palace,57.74865438156394,1.4000000000000001,1.2222222222222223,2.111111111111111,5.666666666666666,2.0,A
2021-10-30,2021/22,Newcastle,Chelsea,-95.31005902730521,-1.7999999999999998,-2.0,-3.222222222222222,-3.8888888888888893,-2.0,A
2021-10-30,2021/22,Watford,Southampton,2.8764866879112105,0.3999999999999999,0.22222222222222232,-0.11111111111111116,-0.8888888888888888,0.5,A
2021-10-30,2021/22,Tottenham,Man United,4.461435642476317,0.3999999999999999,0.11111111111111116,-0.5555555555555554,-1.1111111111111107,0.5,A
2021-10-31,2021/22,Norwich,Leeds,-30.526079717808216,-0.6,-0.5555555555555556,-1.4444444444444442,-1.7777777777777777,-0.25,A
2021-10-31,2021/22,Aston Villa,West Ham,-42.43512296190147,-0.6000000000000001,-0.7777777777777777,-0.8888888888888888,-2.0000000000000004,-0.75,A
2021-11-01,2021/22,Wolves,Everton,1.700815519963271,1.2,-0.11111111111111116,-0.11111111111111116,-0.1111111111111116,-0.5,H
2021-11-05,2021/22,Southampton,Aston Villa,18.19527116137624,0.7999999999999999,0.10000000000000009,0.20000000000000007,0.8000000000000003,0.6,H
2021-11-06,2021/22,Brighton,Newcastle,68.9931837668455,0.4,1.2000000000000002,1.1999999999999997,2.4999999999999996,0.9999999999999999,D
2021-11-06,2021/22,Crystal Palace,Wolves,-7.6183562566866385,-1.2000000000000002,-0.40000000000000013,-0.19999999999999996,-1.1000000000000005,-0.6000000000000001,H
2021-11-06,2021/22,Chelsea,Burnley,94.53764310806355,1.2,1.8,2.9000000000000004,3.5000000000000004,2.0,D
2021-11-06,2021/22,Man United,Man City,-19.496782066191827,-1.2,-0.30000000000000004,-1.0,-2.4000000000000004,-0.6000000000000001,A
2021-11-06,2021/22,Brentford,Norwich,59.12244251849074,0.4,1.0,2.2,3.8,0.6000000000000001,A
2021-11-07,2021/22,Arsenal,Watford,50.19239111030288,1.4000000000000001,0.7,0.5,0.6999999999999997,0.8,H
2021-11-07,2021/22,Everton,Tottenham,-3.0821168705479067,-0.3999999999999999,-0.10000000000000009,0.7000000000000001,0.5,0.6000000000000001,D
2021-11-07,2021/22,Leeds,Leicester,-18.72230673132958,-0.20000000000000018,-0.3999999999999999,-0.5,-1.2000000000000002,-0.3999999999999999,D
2021-11-07,2021/22,West Ham,Liverpool,-16.32151741251141,0.5999999999999999,-0.20000000000000018,-1.1999999999999997,-2.1000000000000005,-1.2000000000000002,H
2021-11-20,2021/22,Watford,Man United,-40.930877124504605,-0.20000000000000007,-0.7,-0.5999999999999998,-2.1000000000000005,-1.2,H
2021-11-20,2021/22,Wolves,West Ham,-42.149862208227205,-0.3999999999999999,-0.3999999999999999,-0.7999999999999998,-1.4000000000000004,-1.4000000000000001,H
2021-11-20,2021/22,Norwich,Southampton,-56.81716600088248,-1.0,-0.8999999999999999,-1.7999999999999998,-3.1,-0.8,H
2021-11-20,2021/22,Liverpool,Arsenal,16.40315120740638,-0.6000000000000001,-0.10000000000000009,1.4999999999999998,3.100000000000001,0.40000000000000013,H
2021-11-20,2021/22,Burnley,Crystal Palace,-42.4383316814783,-0.6000000000000001,-0.7,-0.8999999999999999,-0.39999999999999947,0.0,D
2021-11-20,2021/22,Aston Villa,Brighton,-47.301415353933635,-0.8,-0.3999999999999999,-0.3999999999999999,-0.9999999999999996,-0.40000000000000013,H
2021-11-20,2021/22,Leicester,Chelsea,-55.19306882380761,-1.0,-1.0999999999999999,-2.3,-2.6000000000000005,-1.2000000000000002,A
2021-11-20,2021/22,Newcastle,Brentford,-24.06284702845005,-0.19999999999999996,-0.4,-0.7000000000000002,-2.5000000000000004,-1.2000000000000002,D
2021-11-21,2021/22,Tottenham,Leeds,18.167947351906378,-0.20000000000000018,0.19999999999999996,-0.5,0.10000000000000053,0.8,H
2021-11-21,2021/22,Man City,Everton,54.57041420711789,1.6,1.0999999999999999,1.9000000000000001,4.1,1.0,H
2021-11-27,2021/22,Arsenal,Newcastle,70.18559000165487,1.4,1.4,0.8,1.3999999999999995,2.0,H
2021-11-27,2021/22,Crystal Palace,Aston Villa,38.090857537478314,1.2000000000000002,0.5,0.9000000000000001,0.09999999999999964,1.2000000000000002,A
2021-11-27,2021/22,Liverpool,Southampton,62.77971379324458,0.0,0.5999999999999999,2.0,3.5000000000000004,0.8,H
2021-11-27,2021/22,Norwich,Wolves,-60.45850848854775,-0.6000000000000001,-1.0999999999999999,-1.4,-2.7,-1.2,D
2021-11-27,2021/22,Brighton,Leeds,30.766916912453553,-0.4,0.10000000000000009,-0.09999999999999998,-0.2999999999999998,0.0,D
2021-11-28,2021/22,Brentford,Everton,-9.204770101549002,0.0,-0.20000000000000007,0.19999999999999996,1.0,-0.6000000000000001,H
2021-11-28,2021/22,Leicester,Watford,17.837200979153067,0.19999999999999996,0.19999999999999996,0.0,0.6999999999999997,-0.3999999999999999,H
2021-11-28,2021/22,Man City,West Ham,17.418205219535594,0.0,0.5999999999999999,1.1,4.1,0.0,H
2021-11-28,2021/22,Chelsea,Man United,71.27947819201586,2.0,0.9999999999999998,2.6,2.3000000000000007,0.19999999999999996,D
2021-11-30,2021/22,Newcastle,Norwich,-8.912280510525306,-0.7999999999999999,-0.4,0.10000000000000009,1.5000000000000009,-0.20000000000000007,D
2021-11-30,2021/22,Leeds,Crystal Palace,-25.520483848566755,-0.40000000000000013,-0.3999999999999999,-0.7,0.39999999999999947,-0.19999999999999996,H
2021-12-01,2021/22,Everton,Liverpool,-82.08574578214007,-1.8,-1.3,-3.0999999999999996,-4.6,-0.6000000000000001,A
2021-12-01,2021/22,Aston Villa,Man City,-73.33555293045129,-1.2,-1.0999999999999999,-1.5,-4.7,-1.2000000000000002,A
2021-12-01,2021/22,Wolves,Burnley,43.02789866614171,0.40000000000000013,1.1,0.6,-0.5999999999999996,1.2000000000000002,D
2021-12-01,2021/22,West Ham,Brighton,27.574706839232476,1.2000000000000002,0.40000000000000013,0.5999999999999999,-0.6000000000000001,0.19999999999999996,D
2021-12-01,2021/22,Watford,Chelsea,-97.49495846005107,-1.0000000000000002,-1.2999999999999998,-2.5,-3.8,-1.8,A
2021-12-01,2021/22,Southampton,Leicester,-16.178711439713425,0.0,0.0,-0.30000000000000004,-0.3999999999999999,0.0,D
2021-12-02,2021/22,Tottenham,Brentford,21.590321130655866,0.5999999999999999,0.19999999999999996,-0.5999999999999998,-1.0,0.19999999999999996,H
2021-12-02,2021/22,Man United,Arsenal,-27.54936698067104,-1.5999999999999999,-1.1999999999999997,-1.3,-1.3000000000000007,-0.5999999999999999,H
2021-12-04,2021/22,West Ham,Chelsea,-46.20420576695551,-0.8000000000000003,-0.6999999999999997,-1.5999999999999999,-3.4000000000000004,-1.6,H
2021-12-04,2021/22,Newcastle,Burnley,-30.65782596815893,-0.7999999999999999,-0.30000000000000004,-0.3999999999999999,-1.0999999999999996,-0.20000000000000007,H
2021-12-04,2021/22,Southampton,Brighton,-21.581435690972057,0.5999999999999999,0.19999999999999996,-0.09999999999999998,0.20000000000000062,0.8,D
2021-12-04,2021/22,Wolves,Liverpool,-58.18759976278511,-0.3999999999999999,-0.30000000000000004,-2.1999999999999997,-4.3999999999999995,0.0,A
2021-12-04,2021/22,Watford,Man City,-114.25959178743415,-1.7999999999999998,-1.2999999999999998,-1.4,-3.800000000000001,-1.8,A
2021-12-05,2021/22,Leeds,Brentford,7.107016652424363,0.8,0.19999999999999996,0.30000000000000004,1.0000000000000004,0.20000000000000018,D
2021-12-05,2021/22,Man United,Crystal Palace,16.539464109381925,0.0,0.0,-0.7,0.3999999999999999,-0.19999999999999996,H
2021-12-05,2021/22,Tottenham,Norwich,60.00354151422334,-0.20000000000000018,0.30000000000000004,0.30000000000000004,0.6999999999999993,0.8,H
2021-12-05,2021/22,Aston Villa,Leicester,-21.918312010457612,0.19999999999999996,-0.10000000000000009,-0.10000000000000031,-2.0999999999999996,0.0,H
2021-12-06,2021/22,Everton,Arsenal,-50.120412037082815,-1.6,-1.5,-1.8,-2.0,-0.5999999999999999,H
2021-12-10,2021/22,Brentford,Watford,30.639396901810187,0.4,0.20000000000000007,0.20000000000000018,0.7000000000000002,-0.3999999999999999,H
2021-12-11,2021/22,Man City,Wolves,79.41657978787771,2.0,0.7,1.1,5.6,0.3999999999999999,H
2021-12-11,2021/22,Arsenal,Southampton,27.301864357677914,0.19999999999999996,0.5,0.8,0.5,1.8,H
2021-12-11,2021/22,Chelsea,Leeds,80.26188367993518,0.40000000000000013,0.7,1.4999999999999998,1.5,0.6000000000000001,H
2021-12-11,2021/22,Liverpool,Aston Villa,90.98619071088706,0.5999999999999999,0.9000000000000001,2.5,4.8,1.0000000000000002,H
2021-12-11,2021/22,Norwich,Man United,-68.67983403571293,0.20000000000000018,-0.10000000000000009,-0.30000000000000004,-1.1999999999999997,-0.3999999999999999,A
2021-12-12,2021/22,Burnley,West Ham,-71.82034787942507,-0.19999999999999996,-0.9999999999999999,-0.7,-0.6999999999999997,-0.6000000000000001,D
2021-12-12,2021/22,Leicester,Newcastle,40.1207383555909,-0.19999999999999996,0.5,0.5,1.9000000000000004,0.7999999999999999,H
2021-12-12,2021/22,Crystal Palace,Everton,6.621289647341655,0.0,0.30000000000000004,0.9999999999999999,1.1999999999999997,1.0,H
2021-12-14,2021/22,Norwich,Aston Villa,-43.863066807688256,-0.8,0.09999999999999998,-0.3999999999999999,0.30000000000000027,0.4,A
2021-12-14,2021/22,Man City,Leeds,109.58901662790072,2.0,1.2,1.3,3.9999999999999996,1.5999999999999999,H
2021-12-15,2021/22,Crystal Palace,Southampton,18.878658707641307,0.4,0.10000000000000009,1.0,0.5999999999999996,1.0,D
2021-12-15,2021/22,Arsenal,West Ham,-19.742696703579895,0.19999999999999996,0.0,2.220446049250313e-16,-0.2999999999999998,1.2000000000000002,H
2021-12-15,2021/22,Brighton,Wolves,10.500133021252623,-0.19999999999999996,-0.7,-0.5,1.0,0.19999999999999996,A
2021-12-16,2021/22,Chelsea,Everton,99.58301660214875,1.4,1.7999999999999998,3.0,4.4,2.0,D
2021-12-16,2021/22,Liverpool,Newcastle,140.10933264338064,2.0,1.5999999999999999,3.2,4.699999999999999,1.8000000000000003,H
2021-12-18,2021/22,Leeds,Arsenal,-53.66926424246981,-0.8,-0.8999999999999999,-1.4000000000000001,-0.9000000000000004,1.0,A
2021-12-19,2021/22,Newcastle,Man City,-151.79052867386122,-2.2,-2.0,-3.1,-8.200000000000001,-1.6,A
2021-12-19,2021/22,Wolves,Chelsea,-58.50934763015016,-0.6000000000000001,-0.6000000000000001,-1.5,-4.4,-0.3999999999999999,D
2021-12-19,2021/22,Tottenham,Liverpool,-68.36129048109274,-1.0,-0.8999999999999999,-2.5,-4.0,0.0,D
2021-12-26,2021/22,Man City,Leicester,99.89388555295682,1.6,1.2000000000000002,1.8999999999999997,5.6,1.2,H
2021-12-26,2021/22,Norwich,Arsenal,-107.32593642423535,-1.4,-1.2000000000000002,-2.1,-3.4000000000000004,-0.3999999999999999,A
2021-12-26,2021/22,Tottenham,Crystal Palace,31.248422930585093,1.4000000000000001,0.3999999999999999,-0.10000000000000009,0.1999999999999993,1.0,H
2021-12-26,2021/22,West Ham,Southampton,51.04367434264486,0.4,0.3999999999999999,0.7999999999999998,-0.5000000000000009,1.2,A
2021-12-26,2021/22,Aston Villa,Chelsea,-72.5031642232916,0.19999999999999996,-0.7,-1.7,-4.9,-0.8,A
2021-12-26,2021/22,Brighton,Brentford,5.965277961527363,-1.0,-0.40000000000000013,-0.20000000000000007,-0.8000000000000003,-0.4,H
2021-12-27,2021/22,Newcastle,Man United,-93.84370303717378,-1.2,-0.7,-0.8000000000000003,-1.1999999999999997,-0.3999999999999999,D
2021-12-28,2021/22,Leicester,Liverpool,-95.85718539148729,-1.2000000000000002,-0.8999999999999999,-1.9,-2.6,-0.19999999999999996,H
2021-12-28,2021/22,Watford,West Ham,-72.3654234661442,-0.4,-0.7999999999999999,-0.9000000000000004,-0.7000000000000002,-0.20000000000000007,A
2021-12-28,2021/22,Southampton,Tottenham,-40.00378505943104,-1.4000000000000001,-0.7,-1.2,-1.9000000000000004,1.0,D
2021-12-28,2021/22,Crystal Palace,Norwich,63.778110744537344,0.6000000000000001,0.3999999999999999,1.6999999999999997,2.1,0.6000000000000001,H
2021-12-29,2021/22,Chelsea,Brighton,73.572063727652,0.40000000000000013,0.9999999999999999,1.2999999999999998,3.8,1.0,D
2021-12-29,2021/22,Brentford,Man City,-125.9746699402283,-1.6,-1.9000000000000001,-2.9000000000000004,-6.0,-1.8,A
2021-12-30,2021/22,Man United,Burnley,60.77357614823245,1.4000000000000001,0.3999999999999999,-0.5,-0.8999999999999999,0.7999999999999999,H
2022-01-01,2021/22,Arsenal,Man City,-69.27582733652935,-0.6000000000000001,-0.8999999999999999,-1.2999999999999998,-4.5,0.0,A
2022-01-01,2021/22,Watford,Tottenham,-97.72775525247607,-2.2,-1.2000000000000002,-1.6,-3.1999999999999997,-0.4,A
2022-01-01,2021/22,Crystal Palace,West Ham,-34.03350392680932,0.0,0.0,0.0,0.6999999999999993,1.2,A
2022-01-02,2021/22,Brentford,Aston Villa,-12.12491554744679,-0.3999999999999999,-0.3999999999999999,-0.2999999999999998,0.7999999999999998,0.0,H
2022-01-02,2021/22,Everton,Brighton,-30.769266331883273,-0.3999999999999999,-0.4,-0.9,-0.7000000000000002,0.0,A
2022-01-02,2021/22,Leeds,Burnley,3.049900992641142,0.20000000000000007,0.09999999999999998,-0.7,4.440892098500626e-16,0.6,H
2022-01-02,2021/22,Chelsea,Liverpool,-7.395313283795986,-0.19999999999999996,-0.30000000000000004,-0.7,-1.1999999999999993,0.0,D
2022-01-03,2021/22,Man United,Wolves,25.631475313606188,1.6,0.3999999999999999,-0.1000000000000002,0.39999999999999947,0.8,A
2022-01-11,2021/22,Southampton,Brentford,9.00966585961578,-0.19999999999999996,0.19999999999999996,0.0,-0.3000000000000007,0.9999999999999999,H
2022-01-12,2021/22,West Ham,Norwich,121.71925608755396,1.4,0.5999999999999999,1.3999999999999997,-4.440892098500626e-16,1.2,H
2022-01-14,2021/22,Brighton,Crystal Palace,36.9009818989598,0.20000000000000018,0.09999999999999987,0.0,-0.2999999999999998,0.19999999999999996,D
2022-01-15,2021/22,Man City,Chelsea,53.21458358592395,1.6,1.3,1.8000000000000003,3.5999999999999996,1.0,H
2022-01-15,2021/22,Newcastle,Watford,10.597778713927937,0.8,0.09999999999999998,-0.8,-0.39999999999999947,0.6,D
2022-01-15,2021/22,Norwich,Everton,-55.846443214713645,-0.8,0.30000000000000004,-0.10000000000000009,0.10000000000000053,0.6000000000000001,H
2022-01-15,2021/22,Wolves,Southampton,22.409335272569933,-0.20000000000000018,0.19999999999999996,0.30000000000000004,-0.1999999999999993,0.8,H
2022-01-15,2021/22,Aston Villa,Man United,-45.39451965445892,-0.8,-0.5,-0.5,-0.20000000000000018,-0.40000000000000013,D
2022-01-16,2021/22,Liverpool,Brentford,108.54967151153937,0.40000000000000013,0.8999999999999999,1.9,4.6,2.2,H
2022-01-16,2021/22,West Ham,Leeds,70.19463806907902,1.0,0.19999999999999996,1.0000000000000002,-0.5999999999999996,1.2,A
2022-01-18,2021/22,Brighton,Chelsea,-49.76559480980859,0.40000000000000013,-0.19999999999999996,-0.19999999999999996,-1.2000000000000002,-0.19999999999999996,D
2022-01-19,2021/22,Leicester,Tottenham,-33.87439508890384,-0.8000000000000003,-0.40000000000000013,-0.6999999999999997,-2.1000000000000005,0.19999999999999996,A
2022-01-19,2021/22,Brentford,Man United,-54.21423844719334,-1.0,-0.3999999999999999,-0.7,-0.7999999999999998,0.6000000000000001,A
2022-01-21,2021/22,Watford,Norwich,7.72464651007499,-0.39999999999999997,-0.4,0.5,0.10000000000000009,-0.20000000000000007,A
2022-01-22,2021/22,Southampton,Man City,-140.7987549715508,-1.4,-2.0,-2.8000000000000003,-5.6,-1.2,D
2022-01-22,2021/22,Man United,West Ham,4.390853666572411,-0.19999999999999996,0.40000000000000013,0.10000000000000009,-0.7000000000000011,0.40000000000000013,H
2022-01-22,2021/22,Leeds,Newcastle,51.31116595420076,0.7999999999999999,0.3999999999999999,0.2999999999999998,0.7999999999999998,1.2000000000000002,A
2022-01-22,2021/22,Brentford,Wolves,-70.83261356383059,-1.4,-0.5,-1.0999999999999999,-0.2999999999999994,0.40000000000000013,A
2022-01-22,2021/22,Everton,Aston Villa,-20.56089953503647,0.0,-0.8,-1.1,-0.6000000000000001,-0.3999999999999999,A
2022-01-23,2021/22,Arsenal,Burnley,84.20162030043775,2.0,1.0,1.4000000000000001,3.3000000000000007,2.0,D
2022-01-23,2021/22,Crystal Palace,Liverpool,-103.97800671150549,-0.6000000000000001,-1.4,-1.9,-5.199999999999999,-0.20000000000000018,A
2022-01-23,2021/22,Leicester,Brighton,-18.740844937311977,-0.6000000000000001,-0.09999999999999987,-0.30000000000000004,-8.881784197001252e-16,0.6000000000000001,D
2022-01-23,2021/22,Chelsea,Tottenham,13.719931484799417,-1.0000000000000002,-0.7000000000000002,-0.6,-1.9999999999999991,-0.20000000000000018,H
2022-02-05,2021/22,Burnley,Watford,40.71146673424596,0.2,0.5,0.8000000000000003,-0.2999999999999994,0.3999999999999999,D
2022-02-08,2021/22,Newcastle,Everton,2.4567801131977376,0.8,0.5,0.09999999999999998,-0.10000000000000009,1.0,H
2022-02-08,2021/22,West Ham,Watford,101.86940435262795,1.4,0.8999999999999999,1.2,0.09999999999999964,0.9999999999999999,H
2022-02-08,2021/22,Burnley,Man United,-87.52433879960336,-1.4,-1.2000000000000002,-1.0,-1.1000000000000005,-0.40000000000000013,D
2022-02-09,2021/22,Tottenham,Southampton,50.26061523381736,0.3999999999999999,1.0,1.4,3.2,1.8,A
2022-02-09,2021/22,Aston Villa,Leeds,15.250545918326907,0.19999999999999996,0.5,1.1,0.8000000000000003,0.5999999999999999,D
2022-02-09,2021/22,Man City,Brentford,181.2826646258709,2.0,2.0999999999999996,3.3,6.6,2.8,H
2022-02-09,2021/22,Norwich,Crystal Palace,-43.56598579797992,0.3999999999999999,0.0,-0.8000000000000003,-0.6999999999999997,0.4,D
2022-02-10,2021/22,Liverpool,Leicester,101.47306358055539,0.20000000000000018,1.0999999999999999,1.5999999999999999,5.2,2.0,H
2022-02-10,2021/22,Wolves,Arsenal,6.1635777247572605,0.6000000000000001,0.19999999999999996,-0.4,-2.4,0.40000000000000013,A
2022-02-12,2021/22,Man United,Southampton,33.48850499879859,0.0,0.7000000000000002,0.7000000000000001,-0.7999999999999989,1.0,D
2022-02-12,2021/22,Brentford,Crystal Palace,-31.143003885869575,-1.0,-0.20000000000000007,-0.9000000000000001,-1.4,0.7999999999999999,D
2022-02-12,2021/22,Everton,Leeds,-37.92505645722554,-1.2,-0.7999999999999999,-0.5000000000000004,-1.2000000000000002,-0.19999999999999996,H
2022-02-12,2021/22,Watford,Brighton,-103.61390912058937,-0.9999999999999999,-1.1,-1.6,-0.7000000000000002,-1.4,A
2022-02-12,2021/22,Norwich,Man City,-202.63407496650848,-1.2000000000000002,-1.9999999999999998,-3.3999999999999995,-7.1,-1.8,A
2022-02-13,2021/22,Burnley,Liverpool,-148.12970876637564,-1.4,-1.5999999999999999,-1.8,-7.200000000000001,-0.20000000000000018,A
2022-02-13,2021/22,Newcastle,Aston Villa,-30.010608028115485,0.6000000000000001,-0.19999999999999996,-0.7999999999999999,-0.40000000000000036,-0.19999999999999996,H
2022-02-13,2021/22,Tottenham,Wolves,3.91487164952855,-0.6000000000000001,0.5,0.5999999999999999,3.0000000000000004,0.0,A
2022-02-13,2021/22,Leicester,West Ham,-36.323199809250355,-1.0,-0.5,-0.6000000000000001,-1.3000000000000003,0.6000000000000001,D
2022-02-15,2021/22,Man United,Brighton,12.463285418938995,0.0,0.3999999999999999,0.19999999999999984,-0.20000000000000018,0.19999999999999996,H
2022-02-19,2021/22,Southampton,Everton,63.46472198448305,1.0,0.7,0.7,0.3000000000000007,1.2,H
2022-02-19,2021/22,Liverpool,Norwich,184.7861762193029,1.2000000000000002,1.5999999999999999,2.7,7.4,2.2,H
2022-02-19,2021/22,Man City,Tottenham,120.96164410477172,1.4000000000000001,1.0999999999999999,1.9,2.299999999999999,1.4,A
2022-02-19,2021/22,Crystal Palace,Chelsea,-96.87231839814922,-0.6,-0.3999999999999999,-0.5,-1.2999999999999998,0.3999999999999999,A
2022-02-19,2021/22,Aston Villa,Watford,72.28771594397904,0.6,0.9000000000000001,1.2,0.49999999999999956,0.6,A
2022-02-19,2021/22,Brighton,Burnley,70.42462895700942,0.6,0.7999999999999999,0.7999999999999999,2.000000000000001,0.7999999999999999,A
2022-02-19,2021/22,Arsenal,Brentford,100.74753620416345,1.8,1.2,2.5,3.5,1.8,H
2022-02-19,2021/22,West Ham,Newcastle,62.048439351122624,-0.8000000000000003,-0.10000000000000009,0.7000000000000002,0.7000000000000006,1.0,D
2022-02-20,2021/22,Leeds,Man United,-80.44780553372925,-0.8000000000000003,-0.7999999999999998,-1.8,-1.8999999999999995,-0.40000000000000013,A
2022-02-20,2021/22,Wolves,Leicester,49.822031836413316,1.4,0.5,0.4,0.8999999999999999,0.6,H
2022-02-23,2021/22,Burnley,Tottenham,-73.46692998368349,0.0,-0.8999999999999999,-0.7000000000000002,-4.0,-1.2,H
2022-02-23,2021/22,Watford,Crystal Palace,-49.99854213680692,0.20000000000000007,-0.5,-1.0,-1.0,-0.6,A
2022-02-23,2021/22,Liverpool,Leeds,158.17405164277466,2.2,1.4999999999999998,2.5999999999999996,6.800000000000001,2.2,H
2022-02-24,2021/22,Arsenal,Wolves,4.5177127790707345,-0.3999999999999999,0.0,0.7000000000000001,3.6000000000000005,-0.3999999999999999,H
2022-02-25,2021/22,Southampton,Norwich,94.73872599428591,0.20000000000000018,0.9000000000000001,1.7000000000000002,4.300000000000001,1.2000000000000002,H
2022-02-26,2021/22,Everton,Man City,-185.9031025230047,-1.4,-1.8,-3.0,-5.300000000000001,-1.4000000000000001,A
2022-02-26,2021/22,Brighton,Aston Villa,40.931250035321455,0.0,0.19999999999999996,0.10000000000000009,0.40000000000000036,-0.19999999999999996,A
2022-02-26,2021/22,Man United,Watford,147.5900472241965,1.4000000000000001,1.4,2.1,1.2000000000000002,1.0,D
2022-02-26,2021/22,Brentford,Newcastle,-29.833094190281827,-2.0,-1.1,-0.8999999999999999,-2.0000000000000004,0.0,A
2022-02-26,2021/22,Leeds,Tottenham,-72.1839863859484,-0.39999999999999997,-0.7,-2.0,-5.199999999999999,-1.0,A
2022-02-26,2021/22,Crystal Palace,Burnley,7.197843866511221,-0.6000000000000001,0.0,0.09999999999999998,1.7000000000000002,0.0,D
2022-02-27,2021/22,West Ham,Wolves,-14.289339662108432,-0.8,-0.5,-0.30000000000000004,0.6000000000000001,-1.0,H
2022-03-01,2021/22,Burnley,Leicester,-9.346696470452116,1.2000000000000002,0.20000000000000007,0.20000000000000007,-0.10000000000000009,1.0,A
2022-03-05,2021/22,Leicester,Leeds,51.84606887316386,0.8,0.40000000000000013,2.1999999999999997,3.5999999999999996,0.8,H
2022-03-05,2021/22,Aston Villa,Southampton,-46.2744112145956,-0.8000000000000003,-0.7999999999999998,-0.8,-2.1,-0.6000000000000001,H
2022-03-05,2021/22,Burnley,Chelsea,-121.20509721166536,-0.20000000000000018,-0.7,-0.7999999999999999,-3.0999999999999996,-0.6000000000000001,A
2022-03-05,2021/22,Newcastle,Brighton,-11.963070922200814,1.8,0.19999999999999996,-0.19999999999999996,0.6000000000000005,0.0,H
2022-03-05,2021/22,Norwich,Brentford,-11.853462674258708,0.6000000000000001,0.29999999999999993,-0.19999999999999996,-0.5,0.8,A
2022-03-05,2021/22,Wolves,Crystal Palace,52.816212016908366,0.0,0.8999999999999999,0.5999999999999999,-0.6999999999999997,0.19999999999999996,A
2022-03-05,2021/22,Liverpool,West Ham,86.3511805330761,1.4,0.5999999999999999,1.2,4.799999999999999,1.6,H
2022-03-06,2021/22,Watford,Arsenal,-145.66511483199565,-1.2,-1.6,-2.6000000000000005,-3.499999999999999,-1.8,A
2022-03-06,2021/22,Man City,Man United,82.1398285265966,0.19999999999999996,0.6000000000000001,0.7999999999999999,2.1999999999999997,0.5999999999999999,H
2022-03-07,2021/22,Tottenham,Everton,100.29753945530206,0.6,0.9000000000000001,0.9999999999999998,3.9000000000000004,1.2,H
2022-03-10,2021/22,Norwich,Chelsea,-186.64568576545616,-1.8,-1.0,-2.4,-5.3,-1.2,A
2022-03-10,2021/22,Southampton,Newcastle,24.726914782310814,-0.6000000000000001,0.0,0.19999999999999996,0.7000000000000002,0.8000000000000003,A
2022-03-10,2021/22,Wolves,Watford,110.57288453215574,0.3999999999999999,1.0,1.2000000000000002,-0.8999999999999999,0.19999999999999996,H
2022-03-10,2021/22,Leeds,Aston Villa,-50.39204981654461,-1.4,-0.7,-2.1,-4.300000000000001,-1.2000000000000002,A
2022-03-12,2021/22,Brighton,Liverpool,-142.15850873546606,-2.4,-1.2999999999999998,-2.0999999999999996,-5.0,-0.6000000000000001,A
2022-03-12,2021/22,Brentford,Burnley,-14.320443812055373,-0.5999999999999999,-0.30000000000000004,-0.6000000000000001,-1.6999999999999997,-0.19999999999999996,H
2022-03-12,2021/22,Man United,Tottenham,4.708799192813785,-0.19999999999999996,0.0,-0.2999999999999998,-2.5,-0.19999999999999996,H
2022-03-13,2021/22,Chelsea,Newcastle,97.3405671989317,0.0,-0.20000000000000018,0.6000000000000001,0.4000000000000008,-0.19999999999999996,H
2022-03-13,2021/22,Everton,Wolves,-94.06036619846509,-0.6,-1.4,-1.8000000000000003,-2.0000000000000004,-0.6000000000000001,A
2022-03-13,2021/22,Leeds,Norwich,26.924282729408333,0.0,0.0,-0.39999999999999947,0.5,0.0,H
2022-03-13,2021/22,Southampton,Watford,100.09289741673592,0.5999999999999999,0.9,1.4000000000000001,1.2999999999999998,1.0,A
2022-03-13,2021/22,West Ham,Aston Villa,30.538231763076283,-0.19999999999999996,0.30000000000000004,0.0,-0.7999999999999994,0.19999999999999996,H
2022-03-13,2021/22,Arsenal,Leicester,65.63229916639125,1.2000000000000002,1.1,1.5,3.900000000000001,1.4,H
2022-03-14,2021/22,Crystal Palace,Man City,-148.6986998928562,-0.7999999999999998,-1.2,-1.1,-2.2,-1.8,D
2022-03-16,2021/22,Brighton,Tottenham,-56.1380421136123,-1.8,-0.6,-1.2000000000000002,-2.1,-0.7999999999999999,A
2022-03-16,2021/22,Arsenal,Liverpool,-59.48963215158619,0.0,0.0,-0.2999999999999996,-1.7999999999999994,0.0,A
2022-03-17,2021/22,Everton,Newcastle,-76.00095870543419,-1.4,-1.7000000000000002,-1.7999999999999998,-4.1000000000000005,-1.4,H
2022-03-18,2021/22,Wolves,Leeds,98.19557019030935,0.6,1.1,2.4,2.500000000000001,1.0,A
2022-03-19,2021/22,Aston Villa,Arsenal,-74.55565317216883,-0.5999999999999999,-0.8000000000000003,-0.5000000000000002,-0.6000000000000005,-1.4,A
2022-03-20,2021/22,Leicester,Brentford,46.47991494837515,0.0,0.40000000000000013,0.4999999999999999,1.399999999999999,1.0,H
2022-03-20,2021/22,Tottenham,West Ham,7.352571319637491,0.19999999999999996,-0.19999999999999996,0.30000000000000027,1.1,0.0,H
2022-04-02,2021/22,Liverpool,Watford,228.0125793776608,2.2,1.9999999999999998,3.3000000000000003,5.8,1.6,H
2022-04-02,2021/22,Brighton,Norwich,74.40029924357964,0.0,-0.09999999999999998,0.10000000000000009,2.1,-0.39999999999999997,D
2022-04-02,2021/22,Burnley,Man City,-191.11136662782064,-1.2,-1.2999999999999998,-1.7000000000000002,-5.199999999999999,-1.4000000000000001,A
2022-04-02,2021/22,Chelsea,Brentford,162.63892843922258,1.8,1.4000000000000001,1.9,4.2,1.2000000000000002,A
2022-04-02,2021/22,Leeds,Southampton,-39.22228134020747,0.0,-0.7,-1.7999999999999998,-5.8,-0.7999999999999999,D
2022-04-02,2021/22,Wolves,Aston Villa,37.56980399159352,-0.6000000000000001,0.10000000000000009,-0.30000000000000027,-1.9,-0.6000000000000001,H
2022-04-02,2021/22,Man United,Leicester,50.81083185672719,0.19999999999999996,0.5,0.6000000000000001,2.3999999999999995,1.6,D
2022-04-03,2021/22,Tottenham,Newcastle,65.1932756960191,0.5999999999999999,-0.5,0.10000000000000009,-0.2999999999999998,0.40000000000000013,H
2022-04-03,2021/22,West Ham,Everton,96.75050152905783,0.7999999999999999,0.7999999999999999,1.0,2.3,1.8,H
2022-04-04,2021/22,Crystal Palace,Arsenal,-80.4010052904955,-0.7999999999999998,-1.1,-0.8,-1.2999999999999998,-2.6,H
2022-04-06,2021/22,Burnley,Everton,15.095707071528523,-0.39999999999999997,0.30000000000000004,0.29999999999999993,0.8999999999999999,0.6,H
2022-04-08,2021/22,Newcastle,Wolves,-46.110751686308504,-0.6000000000000001,0.3999999999999999,-0.09999999999999987,1.5,0.40000000000000013,H
2022-04-09,2021/22,Everton,Man United,-133.66120884193856,-1.0,-1.2999999999999998,-1.5,-3.8999999999999995,-0.40000000000000013,H
2022-04-09,2021/22,Arsenal,Brighton,100.80321251567739,1.6,1.2999999999999998,1.0999999999999999,2.7000000000000006,0.6000000000000001,A
2022-04-09,2021/22,Southampton,Chelsea,-101.20942745182401,-1.5999999999999999,-0.6000000000000001,-0.9000000000000001,1.0,-0.6000000000000001,A
2022-04-09,2021/22,Watford,Leeds,-34.8596225474962,-0.5999999999999999,0.0,0.5999999999999996,2.9,-0.8,A
2022-04-09,2021/22,Aston Villa,Tottenham,-84.26870920428314,-1.2,-0.5,-0.8,-0.49999999999999956,-0.8,A
2022-04-10,2021/22,Brentford,West Ham,-75.1100685164522,0.0,-0.3999999999999999,-0.09999999999999987,-1.9,0.0,H
2022-04-10,2021/22,Leicester,Crystal Palace,1.661228955139677,-0.20000000000000018,-0.19999999999999996,-0.7,-2.4000000000000004,-0.19999999999999996,H
2022-04-10,2021/22,Norwich,Burnley,-52.08179933440306,-0.39999999999999997,-0.30000000000000004,-0.29999999999999993,-2.400000000000001,-0.19999999999999996,H
2022-04-10,2021/22,Man City,Liverpool,-3.442809452059464,-1.0,-0.7000000000000002,-1.0,-1.2000000000000002,-0.20000000000000018,D
2022-04-16,2021/22,Watford,Brentford,-66.31297411434912,-1.7999999999999998,-0.6000000000000001,-1.5999999999999999,-0.30000000000000027,-1.2,A
2022-04-16,2021/22,Southampton,Arsenal,-69.9081616457513,-1.0,-0.7,-0.7999999999999998,-0.8000000000000003,-1.2,H
2022-04-16,2021/22,Tottenham,Brighton,89.65565468161549,1.5999999999999999,1.3,2.6999999999999997,3.8000000000000003,0.40000000000000013,A
2022-04-16,2021/22,Man United,Norwich,133.04300456042893,0.19999999999999996,0.8,1.0,4.9,1.0,H
2022-04-17,2021/22,Newcastle,Leicester,-25.485855257966477,-0.8,0.3999999999999999,0.19999999999999996,2.6999999999999997,1.8,H
2022-04-17,2021/22,West Ham,Burnley,84.6635771951178,0.6,0.3999999999999999,0.6000000000000001,1.0,1.6,D
2022-04-19,2021/22,Liverpool,Man United,105.40165766146288,1.2000000000000002,1.1999999999999997,1.7999999999999998,2.1,1.6,H
2022-04-20,2021/22,Chelsea,Arsenal,59.225225131870275,1.7999999999999998,0.19999999999999996,1.2000000000000002,1.5,-0.19999999999999996,A
2022-04-20,2021/22,Everton,Leicester,-76.16618227476101,-0.19999999999999996,-0.4999999999999999,-0.6999999999999998,-1.1,1.0,D
2022-04-20,2021/22,Newcastle,Crystal Palace,1.6725291919408392,-0.40000000000000013,0.5999999999999999,-0.30000000000000016,0.5000000000000004,1.4,H
2022-04-20,2021/22,Man City,Brighton,151.0885059731604,0.8000000000000003,1.1,2.0,5.0,0.19999999999999996,H
2022-04-21,2021/22,Burnley,Southampton,-47.63562199429498,0.0,-0.2999999999999998,-0.09999999999999998,-2.7,0.19999999999999996,H
2022-04-23,2021/22,Brentford,Tottenham,-74.39707726199345,0.0,-0.5,-1.5,-3.1000000000000005,-0.40000000000000013,D
2022-04-23,2021/22,Norwich,Newcastle,-105.45581832421908,-1.0,-1.4,-1.3,-5.299999999999999,-0.3999999999999999,A
2022-04-23,2021/22,Man City,Watford,254.474306414661,1.6,1.4000000000000001,2.8000000000000003,5.6,0.6000000000000001,H
2022-04-23,2021/22,Leicester,Aston Villa,40.89972383993063,1.0,0.5,0.10000000000000009,-2.2000000000000006,1.0000000000000002,D
2022-04-23,2021/22,Arsenal,Man United,14.326124447343318,-0.19999999999999996,0.30000000000000004,0.30000000000000004,0.49999999999999956,1.0,H
2022-04-24,2021/22,Brighton,Southampton,6.595370226791147,0.5999999999999999,-0.40000000000000013,-0.3999999999999998,-1.3000000000000007,-0.8,D
2022-04-24,2021/22,Burnley,Wolves,-64.03917734014613,-0.40000000000000013,-0.3999999999999999,-1.0999999999999999,-1.5999999999999996,0.0,H
2022-04-24,2021/22,Chelsea,West Ham,66.10973810184123,0.40000000000000013,0.3999999999999999,1.0999999999999999,2.0999999999999996,1.2,H
2022-04-24,2021/22,Liverpool,Everton,224.94195037054942,1.2000000000000002,1.7999999999999998,2.8000000000000003,6.199999999999999,3.0,H
2022-04-25,2021/22,Crystal Palace,Leeds,29.39222516263453,-0.6000000000000001,0.30000000000000004,1.9,4.9,-0.19999999999999996,D
2022-04-28,2021/22,Man United,Chelsea,-61.3599472992064,-1.0,-0.8000000000000003,-1.6,-2.8000000000000003,-0.3999999999999999,D
2022-04-30,2021/22,Wolves,Brighton,20.87411770187373,-0.40000000000000013,0.3999999999999999,1.1,0.7000000000000002,0.6000000000000001,A
2022-04-30,2021/22,Watford,Burnley,-72.21991118024789,-1.4,-0.40000000000000013,-0.7999999999999998,0.6000000000000001,-1.0,A
2022-04-30,2021/22,Leeds,Man City,-188.6462204902425,0.0,-1.1999999999999997,-2.9000000000000004,-7.800000000000001,-1.4000000000000001,A
2022-04-30,2021/22,Aston Villa,Norwich,74.83817281978781,-0.6000000000000001,0.6,1.4999999999999998,5.9,0.6000000000000001,H
2022-04-30,2021/22,Newcastle,Liverpool,-143.01304794654834,-0.20000000000000018,-0.6999999999999997,-1.8000000000000003,-1.2999999999999998,0.3999999999999999,A
2022-04-30,2021/22,Southampton,Crystal Palace,-3.465005424561923,0.0,-0.19999999999999996,-1.4,-1.2000000000000002,-0.19999999999999996,A
2022-05-01,2021/22,Everton,Chelsea,-165.07864858563698,-0.5999999999999999,-1.5000000000000002,-2.3000000000000003,-7.0,-1.2000000000000002,H
2022-05-01,2021/22,Tottenham,Leicester,50.32581070587685,0.8,0.3999999999999999,1.7,2.2,0.8,H
2022-05-01,2021/22,West Ham,Arsenal,-47.90485511579118,-0.3999999999999999,-0.6000000000000001,-0.5000000000000002,-1.2999999999999998,0.40000000000000013,A
2022-05-02,2021/22,Man United,Brentford,51.380257595893454,-1.2,-0.5,-1.2000000000000002,0.40000000000000036,0.0,H
2022-05-07,2021/22,Liverpool,Tottenham,106.18161561544935,0.6000000000000001,0.5999999999999996,0.10000000000000053,1.9999999999999991,1.0,D
2022-05-07,2021/22,Brighton,Man United,-40.01678962060737,0.6000000000000001,-0.09999999999999987,1.1102230246251565e-16,4.440892098500626e-16,-0.19999999999999996,H
2022-05-07,2021/22,Crystal Palace,Watford,117.07079648482977,1.4,1.1,2.4000000000000004,3.6999999999999997,0.3999999999999999,H
2022-05-07,2021/22,Burnley,Aston Villa,-1.6039263149598355,1.2,0.0,-1.0,-4.0,0.40000000000000013,A
2022-05-07,2021/22,Brentford,Southampton,1.5448151682808202,1.2,0.8,1.5000000000000002,0.8999999999999995,1.0,H
2022-05-07,2021/22,Chelsea,Wolves,85.16237261273454,0.7999999999999999,0.9999999999999999,1.2999999999999998,4.3999999999999995,1.2000000000000002,D
2022-05-08,2021/22,Norwich,West Ham,-116.34739316330615,0.0,-0.7000000000000001,-0.9,-3.0,0.39999999999999997,A
2022-05-08,2021/22,Arsenal,Leeds,115.98198966426321,0.19999999999999996,0.7,1.5000000000000004,4.8999999999999995,0.40000000000000013,H
2022-05-08,2021/22,Leicester,Everton,55.797098653363264,-0.3999999999999999,0.5,0.8,0.9000000000000008,2.2,A
2022-05-08,2021/22,Man City,Newcastle,149.02614750941484,0.20000000000000018,0.4999999999999998,1.9000000000000001,4.0,0.8,H
2022-05-10,2021/22,Aston Villa,Liverpool,-176.2671827810134,-0.8000000000000003,-1.0,-1.3999999999999997,-0.6999999999999993,-1.4000000000000001,A
2022-05-11,2021/22,Wolves,Man City,-163.48337566257783,-1.8,-1.2999999999999998,-2.3999999999999995,-5.300000000000001,-1.4000000000000001,A
2022-05-11,2021/22,Watford,Everton,-77.86105064377011,-2.0,-0.9,-0.9999999999999999,-0.3999999999999999,-0.6,D
2022-05-11,2021/22,Leicester,Norwich,104.64078604363908,-0.19999999999999996,0.7999999999999999,1.2000000000000002,1.7000000000000002,1.8,H
2022-05-11,2021/22,Leeds,Chelsea,-125.28458311884879,0.0,-0.5999999999999999,-1.6,-6.1,-1.2,A
2022-05-12,2021/22,Tottenham,Arsenal,-12.183662071208346,-0.7999999999999998,0.19999999999999996,1.5,-0.8999999999999995,0.5999999999999999,H
2022-05-15,2021/22,Tottenham,Burnley,112.54986857602216,-0.3999999999999999,0.7,2.1999999999999997,2.1999999999999993,1.4,H
2022-05-15,2021/22,Aston Villa,Crystal Palace,-24.361377020536565,0.0,-0.5,-0.4999999999999999,0.30000000000000027,-0.6000000000000001,D
2022-05-15,2021/22,Leeds,Brighton,-65.34036272211051,-1.2,-0.2999999999999998,-0.8,-2.5999999999999996,-1.0,D
2022-05-15,2021/22,Watford,Leicester,-112.30178322487131,-0.8,-0.7999999999999999,-1.4999999999999998,-2.0000000000000004,-0.2,A
2022-05-15,2021/22,West Ham,Man City,-157.51269136611313,-2.2,-1.3,-2.6,-4.8,-0.6000000000000001,D
2022-05-15,2021/22,Wolves,Norwich,118.53485153864335,0.2,0.6,0.9999999999999998,1.6999999999999997,1.0,D
2022-05-15,2021/22,Everton,Brentford,-28.12735833804777,-0.3999999999999999,-0.5,-0.7999999999999999,-1.2999999999999994,0.19999999999999996,A
2022-05-16,2021/22,Newcastle,Arsenal,-64.75985549371421,-0.5999999999999999,0.0,-0.19999999999999996,-2.000000000000001,1.2,H
2022-05-17,2021/22,Southampton,Liverpool,-205.69322482784037,-1.8,-2.1,-3.2,-4.800000000000001,-2.0,A
2022-05-19,2021/22,Chelsea,Leicester,86.72466521529827,0.20000000000000018,0.19999999999999996,0.19999999999999996,3.6,0.3999999999999999,D
2022-05-19,2021/22,Aston Villa,Burnley,22.544173395991493,-0.19999999999999996,-0.19999999999999996,0.2999999999999998,3.1,0.0,D
2022-05-19,2021/22,Everton,Crystal Palace,-62.266898597485806,-0.20000000000000018,-0.20000000000000018,-0.6,-2.9,0.6000000000000001,H
2022-05-22,2021/22,Arsenal,Everton,105.98887125343958,-0.19999999999999996,0.10000000000000009,-0.20000000000000018,2.4,1.0,H
2022-05-22,2021/22,Brentford,Leeds,49.76002023222418,1.6,1.0000000000000002,1.5999999999999999,4.0,0.6000000000000001,A
2022-05-22,2021/22,Brighton,West Ham,-6.792452125659793,0.6000000000000001,0.3999999999999999,0.2999999999999998,1.3000000000000003,0.4,H
2022-05-22,2021/22,Burnley,Newcastle,-55.91915609942134,-0.40000000000000013,-0.10000000000000009,0.19999999999999996,-1.6,1.2000000000000002,A
2022-05-22,2021/22,Chelsea,Watford,212.0495276290569,1.0,1.1,2.4,7.0,0.4,H
2022-05-22,2021/22,Crystal Palace,Man United,-34.347808054501684,0.8,0.3999999999999999,1.3,1.7999999999999998,1.8,H
2022-05-22,2021/22,Leicester,Southampton,43.91013811693915,1.2,0.8,1.8000000000000003,0.9999999999999996,1.6,H
2022-05-22,2021/22,Liverpool,Wolves,188.35920648895762,2.2,1.5,1.9,3.2000000000000006,1.8,H
2022-05-22,2021/22,Man City,Aston Villa,190.53560332768689,1.0,1.5,2.9,3.3999999999999995,1.2000000000000002,H
2022-05-22,2021/22,Norwich,Tottenham,-201.37946534366574,-2.0,-1.7999999999999998,-3.1000000000000005,-4.899999999999999,-1.0,A
2022-08-05,2022/23,Crystal Palace,Arsenal,-48.11601686000404,0.19999999999999996,0.0,0.30000000000000004,-1.1999999999999997,1.0000000000000002,A
2022-08-06,2022/23,Everton,Chelsea,-109.25646647942881,-0.20000000000000018,-0.10000000000000009,-0.8999999999999999,-5.0,0.0,A
2022-08-06,2022/23,Tottenham,Southampton,107.95754806902141,2.4,1.7999999999999998,3.5999999999999996,4.9,2.0,H
2022-08-06,2022/23,Leeds,Wolves,-21.804648502929695,0.4,0.7,0.8,-0.49999999999999956,0.19999999999999996,H
2022-08-07,2022/23,Leicester,Brentford,23.259089594616853,0.6000000000000001,-0.3999999999999999,0.0,-1.5999999999999996,0.19999999999999996,D
2022-08-07,2022/23,Man United,Brighton,2.8608886812335186,-1.4000000000000001,-0.7,-1.3,-0.8999999999999999,0.20000000000000018,A
2022-08-07,2022/23,West Ham,Man City,-131.4774604354684,-1.8,-1.2999999999999998,-2.5,-5.699999999999999,-0.6000000000000001,A
2022-08-13,2022/23,Aston Villa,Everton,21.216205238665225,-0.4,-0.4999999999999999,-0.10000000000000009,2.0999999999999996,0.19999999999999996,H
2022-08-13,2022/23,Arsenal,Leicester,57.20301325528794,-0.40000000000000013,0.5,-0.09999999999999987,2.3,0.8,H
2022-08-13,2022/23,Brighton,Newcastle,-2.4916804989065895,0.8,0.0,0.8000000000000002,1.0,0.40000000000000013,D
2022-08-13,2022/23,Southampton,Leeds,-18.72171623248755,-1.4,-1.0,-1.6,-0.8999999999999999,-1.4,D
2022-08-13,2022/23,Brentford,Man United,-18.1687143868146,0.5999999999999999,0.8999999999999999,1.4,0.7000000000000002,2.0,H
2022-08-14,2022/23,Chelsea,Tottenham,1.6905843634469875,-0.3999999999999999,-0.4999999999999998,-1.2000000000000002,0.8999999999999999,-0.6000000000000001,D
2022-08-15,2022/23,Liverpool,Crystal Palace,148.24039129163998,0.8000000000000003,1.0,1.2,1.3000000000000007,1.8,D
2022-08-20,2022/23,Tottenham,Wolves,98.87931561656433,2.2,1.5,2.8,4.1,2.1999999999999997,H
2022-08-20,2022/23,Crystal Palace,Aston Villa,20.2594649660939,0.0,0.0,0.09999999999999998,0.1999999999999993,1.2,H
2022-08-20,2022/23,Leicester,Southampton,44.07279324761248,1.4000000000000001,0.8,2.3000000000000003,3.5000000000000004,1.4000000000000001,A
2022-08-21,2022/23,Leeds,Chelsea,-99.0071416489368,-0.6000000000000001,-0.30000000000000004,-0.6000000000000001,-4.200000000000001,-1.0,H
2022-08-21,2022/23,West Ham,Brighton,-34.52973888713973,-1.4000000000000001,-1.3,-1.2999999999999998,-3.3000000000000003,-1.0,A
2022-08-21,2022/23,Newcastle,Man City,-120.37988335542263,-0.6000000000000001,-0.3999999999999999,-2.2,-3.1999999999999997,-0.20000000000000018,D
2022-08-22,2022/23,Man United,Liverpool,-140.46665354606785,-1.6,-1.5000000000000002,-2.4000000000000004,-2.8000000000000003,-0.6000000000000001,H
2022-08-27,2022/23,Man City,Crystal Palace,141.62335297063305,0.8000000000000003,1.1,2.6,3.0,2.0,H
2022-08-27,2022/23,Chelsea,Leicester,77.81206097532117,0.6000000000000001,0.40000000000000013,-0.19999999999999996,2.3999999999999995,0.8,H
2022-08-27,2022/23,Brentford,Everton,45.324779063560754,0.5999999999999999,0.5999999999999999,1.1999999999999997,1.8000000000000007,1.2,D
2022-08-27,2022/23,Brighton,Leeds,48.03995210390349,0.0,0.6000000000000001,1.0,3.3999999999999995,0.19999999999999996,H
2022-08-27,2022/23,Southampton,Man United,-40.9992549682604,0.20000000000000007,-0.19999999999999996,0.0,-1.5000000000000004,0.8,A
2022-08-28,2022/23,Aston Villa,West Ham,-7.650136811512311,0.6000000000000001,0.7,0.6000000000000002,1.3999999999999995,1.0,A
2022-08-28,2022/23,Wolves,Newcastle,-59.688675292260086,-1.8000000000000003,-1.7,-1.6999999999999997,-1.7999999999999998,-0.3999999999999999,D
2022-08-30,2022/23,Crystal Palace,Brentford,17.333774254321497,0.3999999999999999,0.0,-0.40000000000000013,1.2000000000000006,0.6000000000000001,D
2022-08-30,2022/23,Southampton,Chelsea,-112.84242892275574,-1.2,-1.1,-1.4999999999999998,-3.5,-0.5999999999999999,H
2022-08-30,2022/23,Leeds,Everton,34.44255085654049,1.6,0.0,2.220446049250313e-16,-1.4000000000000008,0.3999999999999999,D
2022-08-31,2022/23,Liverpool,Newcastle,97.92462983443284,-0.19999999999999996,0.30000000000000004,1.2000000000000002,3.399999999999999,0.6000000000000001,H
2022-08-31,2022/23,West Ham,Tottenham,-101.44136681457735,-2.0,-1.5999999999999999,-2.1,-5.0,-1.4,D
2022-08-31,2022/23,Arsenal,Aston Villa,126.27801971390136,2.4,1.2999999999999998,1.2999999999999998,3.2,2.2,H
2022-09-01,2022/23,Leicester,Man United,-39.51990437887093,-0.3999999999999999,0.10000000000000009,1.4000000000000001,1.0,0.7999999999999999,A
2022-09-03,2022/23,Everton,Liverpool,-187.25446678508138,-1.0,-1.1,-1.9,-4.1,-0.6000000000000001,D
2022-09-03,2022/23,Brentford,Leeds,9.841437434736918,-0.40000000000000013,0.10000000000000009,0.7000000000000002,0.8999999999999995,0.6000000000000001,H
2022-09-03,2022/23,Chelsea,West Ham,66.76170560793457,0.5999999999999999,0.7,0.4999999999999998,2.7,0.6000000000000001,H
2022-09-03,2022/23,Newcastle,Crystal Palace,25.91069895866235,0.19999999999999996,0.0,0.09999999999999987,-1.5,1.0,D
2022-09-03,2022/23,Nott'm Forest,Bournemouth,1.096565954883772,0.0,0.0,1.0,-0.7999999999999989,1.5,A
2022-09-03,2022/23,Tottenham,Fulham,70.75382604655806,0.6000000000000001,0.7999999999999998,1.4999999999999996,4.4,2.5,H
2022-09-03,2022/23,Wolves,Southampton,5.749633299687275,-0.7999999999999999,-0.30000000000000004,-0.09999999999999987,-0.10000000000000053,-0.20000000000000007,H
2022-09-03,2022/23,Aston Villa,Man City,-203.17998863158027,-2.0,-1.8,-3.3,-5.3,-1.2000000000000002,D
2022-09-04,2022/23,Man United,Arsenal,-61.439834436565434,-1.2,-1.0999999999999999,-1.6000000000000003,-4.1000000000000005,0.19999999999999996,H
2022-09-04,2022/23,Brighton,Leicester,63.71402231459865,1.8,1.0,0.8,1.7000000000000002,1.4000000000000001,H
2022-09-16,2022/23,Nott'm Forest,Fulham,-32.6330144983574,-0.5999999999999999,-0.6666666666666666,-1.666666666666667,-3.000000000000001,0.6666666666666667,A
2022-09-16,2022/23,Aston Villa,Southampton,-1.8329597185559123,-0.5999999999999999,-0.09999999999999998,0.40000000000000013,8.881784197001252e-16,0.6,H
2022-09-17,2022/23,Wolves,Man City,-171.53253143230995,-1.0000000000000002,-1.5999999999999999,-3.0999999999999996,-4.699999999999999,-0.6000000000000001,A
2022-09-17,2022/23,Newcastle,Bournemouth,20.253346207858158,0.0,0.1333333333333333,1.9666666666666666,2.0666666666666664,0.6000000000000001,D
2022-09-17,2022/23,Tottenham,Leicester,134.64243621685,2.2,1.2999999999999998,1.4,5.1000000000000005,2.2,H
2022-09-18,2022/23,Brentford,Arsenal,-86.019170192812,-0.7999999999999998,-0.6000000000000001,-0.10000000000000009,-3.1,0.8,A
2022-09-18,2022/23,Everton,West Ham,-33.492975216598325,0.0,0.0,-0.20000000000000018,0.5999999999999996,-0.19999999999999996,H
2022-10-01,2022/23,Arsenal,Tottenham,-11.63016167535352,-0.20000000000000018,-0.5,-1.0999999999999999,-2.1999999999999997,1.2,H
2022-10-01,2022/23,Bournemouth,Brentford,19.693722361015716,0.0,-0.3571428571428572,-2.4571428571428573,-3.014285714285714,0.33333333333333326,D
2022-10-01,2022/23,Crystal Palace,Chelsea,-62.417153520140346,-0.19999999999999996,-0.5,-0.40000000000000013,-0.10000000000000053,0.8,A
2022-10-01,2022/23,Fulham,Newcastle,3.050756621694063,1.0,0.17142857142857149,0.24285714285714288,-0.17142857142857082,1.3333333333333335,A
2022-10-01,2022/23,Liverpool,Brighton,92.53350626121892,-0.3999999999999999,-0.3999999999999999,-0.2000000000000004,0.09999999999999964,0.20000000000000018,D
2022-10-01,2022/23,Southampton,Everton,-8.773592954663627,-0.19999999999999996,-0.30000000000000004,-0.6000000000000001,0.10000000000000009,0.20000000000000007,A
2022-10-01,2022/23,West Ham,Wolves,0.3346139737782323,-0.19999999999999996,0.10000000000000009,0.6000000000000001,0.10000000000000053,0.0,H
2022-10-02,2022/23,Leeds,Aston Villa,2.2978202379188133,0.19999999999999996,0.29999999999999993,0.19999999999999996,-4.440892098500626e-16,1.0,D
2022-10-02,2022/23,Man City,Man United,121.09489973022187,-0.19999999999999973,0.7999999999999998,2.3999999999999995,4.3,1.8,H
2022-10-03,2022/23,Leicester,Nott'm Forest,-12.578575796641417,-0.2,0.22857142857142865,1.0714285714285712,2.8857142857142852,1.0666666666666667,H
2022-10-08,2022/23,Bournemouth,Leicester,37.12102986104196,0.6,0.32499999999999996,-1.125,-2.425,1.05,H
2022-10-08,2022/23,Chelsea,Wolves,107.55640240132038,0.8,1.3,1.2000000000000002,1.5000000000000004,2.0,H
2022-10-08,2022/23,Man City,Southampton,225.456196627822,2.0,1.7,2.9999999999999996,5.4,2.4,H
2022-10-08,2022/23,Newcastle,Brentford,44.94847416927132,0.0,0.3999999999999999,0.40000000000000024,1.5999999999999996,0.6000000000000001,H
2022-10-08,2022/23,Brighton,Tottenham,-49.936947843966664,0.0,-0.19999999999999973,-0.2999999999999998,-2.0,1.0,A
2022-10-09,2022/23,Crystal Palace,Leeds,25.079247649659692,0.0,-0.30000000000000004,-0.10000000000000009,1.1000000000000005,0.5999999999999999,H
2022-10-09,2022/23,West Ham,Fulham,-28.362535107230315,0.19999999999999996,-0.575,-0.34999999999999987,0.6250000000000004,0.0,H
2022-10-09,2022/23,Arsenal,Liverpool,-28.736513694065707,0.7999999999999998,0.5,0.09999999999999987,0.30000000000000027,1.4,H
2022-10-09,2022/23,Everton,Man United,-62.23308090716682,-0.5999999999999999,-0.19999999999999996,0.20000000000000018,-1.4000000000000004,0.40000000000000013,A
2022-10-10,2022/23,Nott'm Forest,Aston Villa,-7.244586328242804,-1.0,-0.4,-1.375,-3.85,0.55,D
2022-10-14,2022/23,Brentford,Brighton,-52.12471543998163,-0.3999999999999999,-0.8,-0.8999999999999999,-3.0,-0.20000000000000018,H
2022-10-15,2022/23,Fulham,Bournemouth,-7.1430639223353865,-0.6000000000000001,-0.11111111111111094,0.8888888888888891,1.2222222222222214,0.75,D
2022-10-15,2022/23,Wolves,Nott'm Forest,1.7824853108852494,0.6000000000000001,0.0444444444444444,0.5666666666666669,2.166666666666667,0.95,H
2022-10-15,2022/23,Leicester,Crystal Palace,-41.23925479557556,-0.4,-0.5,-0.40000000000000013,-0.7999999999999998,0.7999999999999999,D
2022-10-15,2022/23,Tottenham,Everton,141.29474303459915,0.3999999999999999,1.2999999999999998,2.0,4.8999999999999995,2.0,H
2022-10-16,2022/23,Liverpool,Man City,-50.68882793219473,-1.0,-1.0,-1.4,-1.9000000000000004,0.40000000000000013,H
2022-10-16,2022/23,Man United,Newcastle,4.366138934356741,0.7999999999999998,-0.19999999999999996,-1.5999999999999999,-1.1000000000000005,0.3999999999999999,D
2022-10-16,2022/23,Southampton,West Ham,-55.866445172867316,-0.7999999999999999,-0.30000000000000004,-0.8000000000000002,-1.9,0.20000000000000007,D
2022-10-16,2022/23,Leeds,Arsenal,-148.23844939272544,-2.0,-1.4000000000000001,-1.6999999999999997,-4.6,0.0,A
2022-10-16,2022/23,Aston Villa,Chelsea,-110.11944941309639,-1.2,-1.1,-0.9,-1.6999999999999997,-0.19999999999999996,A
2022-10-18,2022/23,Brighton,Nott'm Forest,71.67499605087687,0.6000000000000001,1.2,2.0999999999999996,5.6,1.8,D
2022-10-18,2022/23,Crystal Palace,Wolves,30.696033165148265,0.0,0.4,0.7000000000000001,1.1999999999999997,1.2,H
2022-10-19,2022/23,Bournemouth,Southampton,74.8169090754975,1.6,0.5,-0.30000000000000016,-1.9000000000000008,1.0,A
2022-10-19,2022/23,Brentford,Chelsea,-98.08837167620936,-1.0,-0.9000000000000001,-0.4999999999999998,-1.2000000000000002,0.19999999999999996,D
2022-10-19,2022/23,Liverpool,West Ham,134.99512973195192,0.20000000000000018,0.5,1.2999999999999998,1.5000000000000009,1.4000000000000001,H
2022-10-19,2022/23,Newcastle,Everton,84.34800141688356,0.40000000000000013,0.5,1.1,2.8,0.8,H
2022-10-19,2022/23,Man United,Tottenham,-65.79981097176778,-0.3999999999999999,-0.6999999999999997,-1.5000000000000002,-2.4,0.3999999999999999,H
2022-10-20,2022/23,Fulham,Aston Villa,40.26786490976542,-0.3999999999999999,0.29999999999999993,0.20000000000000018,-1.8000000000000007,1.2000000000000002,H
2022-10-20,2022/23,Leicester,Leeds,6.012110844302015,0.4,-0.7,-0.8,0.0,0.19999999999999996,H
2022-10-22,2022/23,Man City,Brighton,139.8121710242142,1.0,0.7999999999999998,2.0,2.0000000000000004,1.6,H
2022-10-22,2022/23,Chelsea,Man United,34.98405260550453,0.6000000000000001,0.10000000000000009,0.5,-1.5,0.8,D
2022-10-22,2022/23,Nott'm Forest,Liverpool,-177.93687675288447,-1.2000000000000002,-1.0,-2.4000000000000004,-4.9,-0.19999999999999996,H
2022-10-22,2022/23,Everton,Crystal Palace,-56.583506124045925,-0.40000000000000013,-0.30000000000000004,-0.19999999999999996,-2.000000000000001,0.4,H
2022-10-23,2022/23,Aston Villa,Brentford,-37.44931531567772,0.0,-0.4,-0.8,0.6999999999999993,0.7999999999999999,H
2022-10-23,2022/23,Leeds,Fulham,-64.88444118747248,-1.2,-0.4999999999999999,-0.2999999999999998,1.2999999999999994,0.8,A
2022-10-23,2022/23,Southampton,Arsenal,-164.6529816874929,-1.5999999999999999,-1.6,-1.9,-3.6,-1.4,D
2022-10-23,2022/23,Wolves,Leicester,-3.9477082910555055,-0.7999999999999999,0.20000000000000007,-0.09999999999999976,-0.5999999999999992,1.6,A
2022-10-23,2022/23,Tottenham,Newcastle,50.26668334713554,-0.40000000000000013,0.5,-1.1102230246251565e-16,0.6999999999999993,1.8,A
2022-10-24,2022/23,West Ham,Bournemouth,-9.926908210337842,0.19999999999999996,0.10000000000000009,1.4,2.9,0.3999999999999999,H
2022-10-29,2022/23,Fulham,Everton,57.52559312375547,0.19999999999999996,0.30000000000000004,-0.09999999999999998,-0.5,1.0,D
2022-10-29,2022/23,Newcastle,Aston Villa,97.28857519011513,1.6,0.7999999999999999,1.2000000000000002,0.7000000000000011,1.4,H
2022-10-29,2022/23,Crystal Palace,Southampton,44.33912161838634,0.3999999999999999,0.19999999999999996,0.30000000000000004,-0.10000000000000009,0.8,H
2022-10-29,2022/23,Leicester,Man City,-186.31495924460955,-0.3999999999999999,-1.2999999999999998,-2.4,-5.0,-0.20000000000000018,A
2022-10-29,2022/23,Brentford,Wolves,31.62079625999604,0.4,0.19999999999999996,0.5000000000000002,-1.1,1.4000000000000001,D
2022-10-29,2022/23,Bournemouth,Tottenham,-95.40787803746025,-0.19999999999999996,-0.8999999999999999,-1.9,-3.4000000000000004,-0.3999999999999999,A
2022-10-29,2022/23,Liverpool,Leeds,185.63852765896127,1.2,0.9,1.4999999999999998,2.0999999999999996,2.4,A
2022-10-29,2022/23,Brighton,Chelsea,-70.17808713184081,-1.8000000000000003,-0.6000000000000001,-0.3999999999999999,3.6000000000000005,0.20000000000000018,H
2022-10-30,2022/23,Man United,West Ham,58.47047871991572,-0.3999999999999999,0.6000000000000001,-0.09999999999999998,1.0,1.2,H
2022-10-30,2022/23,Arsenal,Nott'm Forest,144.08186349348716,1.6,1.9,2.5999999999999996,6.4,2.6,H
2022-11-05,2022/23,Leeds,Bournemouth,-30.377099577902754,-0.20000000000000007,-0.19999999999999996,0.6000000000000001,1.399999999999999,0.0,H
2022-11-05,2022/23,Man City,Fulham,155.2035708723106,0.7999999999999998,0.8999999999999999,2.1,6.2,1.8,H
2022-11-05,2022/23,Nott'm Forest,Brentford,-16.091124792099208,0.0,-0.6000000000000001,-1.3,-1.6999999999999997,0.4,D
2022-11-05,2022/23,Wolves,Brighton,-71.74668116963585,0.0,-0.4999999999999999,-1.4000000000000001,-2.899999999999999,0.5999999999999999,A
2022-11-05,2022/23,Everton,Leicester,-6.862620960066579,-0.5999999999999999,0.30000000000000004,0.19999999999999984,-1.7999999999999994,1.0,A
2022-11-06,2022/23,Chelsea,Arsenal,-42.55694073162613,-1.0,-0.8,-1.4000000000000001,-4.8,0.20000000000000018,A
2022-11-06,2022/23,Aston Villa,Man United,-104.16087804377025,-1.4000000000000001,-1.4,-1.2,-1.2000000000000002,-0.6000000000000001,H
2022-11-06,2022/23,Southampton,Newcastle,-120.05724082177562,-1.6,-1.0999999999999999,-1.9,-2.5,-0.6000000000000001,A
2022-11-06,2022/23,West Ham,Crystal Palace,-14.99842517496404,-0.6000000000000001,-0.10000000000000009,0.40000000000000013,0.6000000000000001,1.4,A
2022-11-06,2022/23,Tottenham,Liverpool,-9.708863983004449,0.6000000000000001,0.5,-0.20000000000000018,-0.9000000000000004,2.0,A
2022-11-12,2022/23,Wolves,Arsenal,-184.05964110272203,-1.8,-1.7,-2.5000000000000004,-4.2,-0.8,A
2022-11-12,2022/23,Newcastle,Chelsea,10.795924236389055,1.6,0.40000000000000013,1.2000000000000004,2.9000000000000004,0.8000000000000003,H
2022-11-12,2022/23,West Ham,Leicester,-4.061799517191275,-1.2,-0.19999999999999996,-0.09999999999999987,-0.20000000000000018,0.8,A
2022-11-12,2022/23,Tottenham,Leeds,123.166849365173,0.0,0.8,1.0,1.8000000000000003,1.2000000000000002,H
2022-11-12,2022/23,Nott'm Forest,Crystal Palace,-53.96548656414802,-1.0,-0.9,-1.5,-2.1999999999999993,0.0,H
2022-11-12,2022/23,Liverpool,Southampton,176.84174925794764,0.8,0.8999999999999999,1.9000000000000001,2.1999999999999997,1.4,H
2022-11-12,2022/23,Bournemouth,Everton,18.496228568173365,-0.6000000000000001,-0.19999999999999996,-0.20000000000000007,1.8000000000000003,0.0,H
2022-11-12,2022/23,Man City,Brentford,194.1706338586871,1.2,1.4,2.7,6.1,2.4,A
2022-11-13,2022/23,Brighton,Aston Villa,65.60560292105947,0.19999999999999996,0.19999999999999996,0.4999999999999998,2.3,1.6,A
2022-11-13,2022/23,Fulham,Man United,-39.73140081844417,0.0,-0.6000000000000001,-0.40000000000000013,-3.3,0.20000000000000018,A
2022-12-26,2022/23,Brentford,Tottenham,-90.46189051181022,0.0,-0.5,-0.9000000000000001,-2.7,0.20000000000000018,D
2022-12-26,2022/23,Crystal Palace,Fulham,6.135176541499732,0.40000000000000013,0.3999999999999999,0.19999999999999984,1.9,0.8,A
2022-12-26,2022/23,Everton,Wolves,8.129651275325386,0.6000000000000001,0.40000000000000013,0.9999999999999998,-1.6999999999999997,0.9999999999999999,A
2022-12-26,2022/23,Leicester,Newcastle,-88.45700002655303,-0.6000000000000001,-0.7999999999999998,-1.2000000000000002,-2.2,-0.6000000000000001,A
2022-12-26,2022/23,Southampton,Brighton,-87.01779731651368,-0.5999999999999999,-0.6000000000000001,-1.2000000000000002,-2.8000000000000003,0.19999999999999996,A
2022-12-26,2022/23,Aston Villa,Liverpool,-136.64619697622607,0.0,-0.19999999999999996,-0.40000000000000013,-0.6000000000000001,1.2,A
2022-12-26,2022/23,Arsenal,West Ham,167.05920246543792,2.0,1.5,1.5000000000000002,2.9,2.8,H
2022-12-27,2022/23,Man United,Nott'm Forest,89.07448298795634,0.3999999999999999,1.1,1.2999999999999998,2.9,2.4,H
2022-12-27,2022/23,Chelsea,Bournemouth,76.90042323724265,-0.19999999999999996,0.19999999999999996,0.09999999999999987,-0.7000000000000002,1.0,H
2022-12-28,2022/23,Leeds,Man City,-204.73048893359032,-0.6000000000000001,-1.4000000000000001,-2.5000000000000004,-4.8,-0.6000000000000001,A
2022-12-30,2022/23,West Ham,Brentford,-35.18497610785471,-0.6,-0.10000000000000009,0.6000000000000001,2.3000000000000007,0.8,A
2022-12-30,2022/23,Liverpool,Leicester,141.7602612153596,0.0,0.09999999999999987,-0.09999999999999987,0.5999999999999996,0.19999999999999996,H
2022-12-31,2022/23,Wolves,Man United,-118.27228682615328,-1.2,-1.3,-1.9000000000000001,-3.6000000000000005,-0.7999999999999999,A
2022-12-31,2022/23,Bournemouth,Crystal Palace,-21.680468725247692,-0.6,-0.4999999999999999,0.09999999999999987,1.1000000000000005,0.3999999999999999,A
2022-12-31,2022/23,Fulham,Southampton,87.3007822082916,1.2,0.8999999999999999,1.4000000000000001,0.20000000000000062,0.4,H
2022-12-31,2022/23,Man City,Everton,231.75505326597704,1.5999999999999999,1.2000000000000002,1.9,5.800000000000001,1.5999999999999999,D
2022-12-31,2022/23,Newcastle,Leeds,143.94313489702677,1.8,1.9000000000000001,2.9,5.5,2.0,D
2022-12-31,2022/23,Brighton,Arsenal,-108.06377111836377,-0.8,-1.1,-1.1999999999999997,-0.30000000000000027,-1.2000000000000002,A
2023-01-01,2022/23,Tottenham,Aston Villa,112.11070600391395,-0.40000000000000013,0.20000000000000018,0.6000000000000001,-0.2999999999999998,0.8,A
2023-01-01,2022/23,Nott'm Forest,Chelsea,-96.10987078201538,0.5999999999999999,-0.7999999999999999,-1.6,-1.4999999999999996,0.20000000000000018,D
2023-01-02,2022/23,Brentford,Liverpool,-122.9615774930719,-0.5999999999999999,-0.5,-0.8,-2.8,-0.19999999999999996,H
2023-01-03,2022/23,Man United,Bournemouth,113.71435637452191,1.7999999999999998,1.2,0.9000000000000001,2.2,2.2,H
2023-01-03,2022/23,Leicester,Fulham,-37.784101922059335,-0.19999999999999996,0.20000000000000018,0.7000000000000002,1.5,-0.40000000000000013,A
2023-01-03,2022/23,Arsenal,Newcastle,60.32738720044108,0.3999999999999999,0.19999999999999973,-0.09999999999999987,-0.09999999999999964,0.3999999999999999,D
2023-01-03,2022/23,Everton,Brighton,-81.72725558717184,-1.4,-0.30000000000000004,-0.3999999999999999,-3.6,-0.19999999999999996,A
2023-01-04,2022/23,Southampton,Nott'm Forest,-48.32065538044503,-1.0,-0.5,-0.19999999999999996,1.1,0.2,A
2023-01-04,2022/23,Leeds,West Ham,1.2008834912842303,1.4,-0.19999999999999996,-0.2999999999999998,-2.3,0.6000000000000001,D
2023-01-04,2022/23,Aston Villa,Wolves,48.66218730840592,1.0,0.7,1.0,2.1000000000000005,1.0,D
2023-01-04,2022/23,Crystal Palace,Tottenham,-66.49143180978695,0.40000000000000013,0.30000000000000004,0.10000000000000009,-1.0999999999999996,0.40000000000000013,A
2023-01-05,2022/23,Chelsea,Man City,-96.79268256634259,-1.2,-0.7000000000000002,-1.1,-4.1,0.0,A
2023-01-12,2022/23,Fulham,Chelsea,-23.480349316155753,1.0,0.5,0.4,0.5999999999999996,0.6000000000000001,H
2023-01-13,2022/23,Aston Villa,Leeds,34.59806166663657,1.0,0.5999999999999999,0.3999999999999999,1.8999999999999995,0.5999999999999999,H
2023-01-14,2022/23,Wolves,West Ham,-10.291431109287032,0.6000000000000001,0.0,-0.5,-0.49999999999999956,0.19999999999999996,H
2023-01-14,2022/23,Nott'm Forest,Leicester,7.783883588139133,0.40000000000000013,0.0,-0.9,-1.5,0.0,H
2023-01-14,2022/23,Brentford,Bournemouth,64.12525045746133,1.6,0.9000000000000001,0.7,-1.7999999999999998,1.6,H
2023-01-14,2022/23,Brighton,Liverpool,-88.80227871948796,-0.5999999999999999,-0.5,-0.19999999999999996,0.8999999999999999,-0.3999999999999999,H
2023-01-14,2022/23,Man United,Man City,-86.11107669384637,0.3999999999999999,0.09999999999999964,-0.20000000000000018,-0.5,0.20000000000000018,H
2023-01-14,2022/23,Everton,Southampton,22.070946344416825,0.2,0.0,0.30000000000000004,-2.3000000000000003,0.0,A
2023-01-15,2022/23,Chelsea,Crystal Palace,47.50476395844066,-0.3999999999999999,-0.7000000000000001,0.19999999999999984,0.7999999999999994,0.0,H
2023-01-15,2022/23,Newcastle,Fulham,52.26916862496046,-0.19999999999999973,0.3999999999999999,0.8999999999999999,2.2000000000000006,0.8,H
2023-01-15,2022/23,Tottenham,Arsenal,-61.746303223862924,-1.2000000000000002,-1.0,-1.2999999999999998,-2.1000000000000005,-1.4000000000000001,A
2023-01-18,2022/23,Crystal Palace,Man United,-102.78002791658719,-2.4,-0.9999999999999998,-1.7,-4.0,-0.19999999999999996,D
2023-01-19,2022/23,Man City,Tottenham,84.221919193124,0.0,0.5999999999999999,0.7999999999999999,1.3999999999999995,0.0,H
2023-01-21,2022/23,Liverpool,Chelsea,58.7257481687152,0.40000000000000013,0.9,0.5,0.9000000000000004,2.0,D
2023-01-21,2022/23,Bournemouth,Nott'm Forest,-35.788372581237354,-1.4,-1.1,-0.7000000000000002,0.20000000000000018,0.3999999999999999,D
2023-01-21,2022/23,Leicester,Brighton,-80.2407802939872,-1.2000000000000002,-0.30000000000000004,-0.29999999999999993,-2.0999999999999996,-1.0,D
2023-01-21,2022/23,Southampton,Aston Villa,-72.6502078490521,-1.4,-0.8,-0.6999999999999998,0.09999999999999964,-0.9999999999999999,A
2023-01-21,2022/23,West Ham,Everton,26.984209570377516,0.0,0.0,0.19999999999999996,1.0999999999999992,0.7999999999999999,H
2023-01-21,2022/23,Crystal Palace,Newcastle,-106.85139886469256,-1.4000000000000001,-1.0999999999999999,-2.1,-3.099999999999999,-0.8000000000000003,D
2023-01-22,2022/23,Arsenal,Man United,63.25980831492848,0.0,0.30000000000000027,0.6000000000000001,-0.4000000000000008,1.0,H
2023-01-22,2022/23,Man City,Wolves,210.15247892969865,0.6000000000000001,0.7999999999999998,1.1999999999999997,2.6999999999999997,1.0,H
2023-01-22,2022/23,Leeds,Brentford,-82.8608441142294,-2.2,-1.0999999999999999,-1.1,-0.20000000000000018,-0.5999999999999999,D
2023-01-23,2022/23,Fulham,Tottenham,-35.04275323677416,1.5999999999999999,0.8999999999999999,1.1,-0.5999999999999996,0.6000000000000001,A
2023-02-03,2022/23,Chelsea,Fulham,33.45956835786592,-0.8,-0.7000000000000001,-0.7000000000000002,0.20000000000000018,-0.40000000000000013,D
2023-02-04,2022/23,Everton,Arsenal,-249.4964371470653,-2.4,-2.1,-2.6,-3.7,-2.0,H
2023-02-04,2022/23,Aston Villa,Leicester,40.88813193135775,1.8,0.5999999999999999,2.220446049250313e-16,0.5,0.19999999999999996,A
2023-02-04,2022/23,Brentford,Southampton,115.20681992422124,1.6,1.0,1.1999999999999997,-1.7000000000000006,0.6000000000000001,H
2023-02-04,2022/23,Brighton,Bournemouth,92.21228125539665,1.8,1.2999999999999998,1.7999999999999998,2.7,1.4,H
2023-02-04,2022/23,Man United,Crystal Palace,92.39539740930309,1.0,0.8999999999999999,1.5,3.1,1.8,H
2023-02-04,2022/23,Wolves,Liverpool,-157.11869386275794,0.0,-0.8,-1.0,-2.5,-0.6,H
2023-02-04,2022/23,Newcastle,West Ham,142.74480519605459,1.0,1.7,2.0,3.4999999999999996,2.4,D
2023-02-05,2022/23,Nott'm Forest,Leeds,41.41865374393433,1.0,0.7000000000000001,0.20000000000000007,0.8000000000000003,1.4000000000000001,H
2023-02-05,2022/23,Tottenham,Man City,-89.13582014968802,-0.8,-0.9000000000000001,-1.0999999999999999,-1.5000000000000004,-1.2000000000000002,H
2023-02-08,2022/23,Man United,Leeds,151.94575035821663,1.4,1.3000000000000003,1.2,2.3000000000000007,2.2,D
2023-02-11,2022/23,Southampton,Wolves,-55.50220376856669,-0.7999999999999999,-0.7000000000000001,-0.7,1.5999999999999996,-0.8,A
2023-02-11,2022/23,Bournemouth,Newcastle,-147.07307490883045,-1.2,-1.8000000000000003,-2.4000000000000004,-3.3000000000000003,-1.4000000000000001,D
2023-02-11,2022/23,Leicester,Tottenham,-112.40048004003233,-1.0,-0.30000000000000004,0.09999999999999987,-0.5,-1.2,H
2023-02-11,2022/23,Fulham,Nott'm Forest,29.333034519783723,-0.8000000000000003,-0.40000000000000013,0.3999999999999999,-0.6999999999999997,0.3999999999999999,H
2023-02-11,2022/23,Crystal Palace,Brighton,-61.69099112122899,-1.6,-0.7999999999999998,-1.4,-3.3000000000000003,-1.0,D
2023-02-11,2022/23,Arsenal,Brentford,113.49482367893052,-0.6000000000000001,0.3999999999999999,0.8000000000000003,3.3,1.0,D
2023-02-11,2022/23,West Ham,Chelsea,-92.92598649868341,0.0,-0.09999999999999998,-0.09999999999999987,-0.3999999999999999,0.7999999999999999,D
2023-02-12,2022/23,Leeds,Man United,-141.06280142525202,-1.0,-1.0,-1.0,-3.5,-0.3999999999999999,A
2023-02-12,2022/23,Man City,Aston Villa,164.62457542499533,-0.19999999999999996,0.0,0.3999999999999999,1.7999999999999998,0.19999999999999996,H
2023-02-13,2022/23,Liverpool,Everton,167.33439620301192,0.0,0.5,0.3999999999999999,2.0000000000000004,1.6,H
2023-02-15,2022/23,Arsenal,Man City,-18.59811416144271,-0.19999999999999996,0.3999999999999999,0.6000000000000003,-0.7000000000000002,0.40000000000000013,A
2023-02-18,2022/23,Wolves,Bournemouth,25.811926628500714,1.6,0.8999999999999999,0.7999999999999998,-0.30000000000000027,1.2,A
2023-02-18,2022/23,Nott'm Forest,Man City,-184.45902449676623,-0.3999999999999999,-0.3999999999999999,-1.4,-3.0,0.40000000000000013,D
2023-02-18,2022/23,Everton,Leeds,-13.994529012569046,0.19999999999999996,-0.19999999999999996,-0.7000000000000002,-1.399999999999999,0.19999999999999996,H
2023-02-18,2022/23,Newcastle,Liverpool,-9.442938554488364,0.5999999999999999,0.3999999999999999,1.3,1.6,1.0000000000000002,A
2023-02-18,2022/23,Brighton,Fulham,16.88491484167639,0.8000000000000003,0.3999999999999999,0.6000000000000001,3.2,0.40000000000000013,A
2023-02-18,2022/23,Brentford,Crystal Palace,50.82001794951066,1.6,1.1,1.7,0.49999999999999956,1.0000000000000002,D
2023-02-18,2022/23,Aston Villa,Arsenal,-143.45395571937206,0.0,-0.3999999999999999,-1.0,-2.0,-1.0,A
2023-02-18,2022/23,Chelsea,Southampton,154.3083589737937,0.6,0.7,1.3000000000000003,-0.09999999999999964,0.7999999999999999,A
2023-02-19,2022/23,Man United,Leicester,105.3555694425279,0.20000000000000018,0.9999999999999998,1.0,1.6999999999999997,0.8,H
2023-02-19,2022/23,Tottenham,West Ham,116.96518716572541,0.0,0.7000000000000001,0.40000000000000013,0.6000000000000005,0.7999999999999999,H
2023-02-24,2022/23,Fulham,Wolves,83.36872325622357,-0.40000000000000013,0.5999999999999999,0.7999999999999999,0.39999999999999947,0.19999999999999996,D
2023-02-25,2022/23,Crystal Palace,Liverpool,-120.09172556665158,-0.5999999999999999,-1.2,-0.9999999999999999,-3.3000000000000003,-0.6,D
2023-02-25,2022/23,Bournemouth,Man City,-208.88301357870228,-1.0,-1.2,-1.7000000000000002,-4.7,-0.3999999999999999,A
2023-02-25,2022/23,West Ham,Nott'm Forest,-35.700490441685815,-0.6000000000000001,-1.0,-0.8,-1.8000000000000003,0.0,H
2023-02-25,2022/23,Leicester,Arsenal,-156.10213099189195,0.0,-0.7,-0.9000000000000001,-0.8999999999999995,-1.5999999999999999,A
2023-02-25,2022/23,Everton,Aston Villa,-48.22639874012407,0.0,-0.9000000000000001,-1.1,-1.0999999999999996,-0.6000000000000001,A
2023-02-25,2022/23,Leeds,Southampton,15.534089866036311,-0.7999999999999999,-0.19999999999999996,0.4,-1.7000000000000006,-0.19999999999999996,H
2023-02-26,2022/23,Tottenham,Chelsea,46.72372196694778,0.6000000000000001,0.6000000000000001,0.09999999999999998,0.0,1.2000000000000002,H
2023-03-01,2022/23,Arsenal,Everton,224.60781464985484,0.19999999999999996,1.3,1.9000000000000001,1.7000000000000006,1.2000000000000002,H
2023-03-01,2022/23,Liverpool,Wolves,144.04020282297438,0.20000000000000018,0.30000000000000004,0.20000000000000018,2.2999999999999994,0.3999999999999999,H
2023-03-04,2022/23,Wolves,Tottenham,-130.0374797384693,-1.0,-0.20000000000000018,-0.20000000000000018,-1.5999999999999996,-0.19999999999999996,H
2023-03-04,2022/23,Southampton,Leicester,-70.32834086198409,-0.7999999999999999,-0.4,-0.6000000000000001,1.0000000000000004,-1.2,H
2023-03-04,2022/23,Chelsea,Leeds,92.91502542121248,-0.20000000000000007,0.30000000000000004,0.4,1.2999999999999998,0.9999999999999999,H
2023-03-04,2022/23,Aston Villa,Crystal Palace,-1.6600570762429925,0.3999999999999999,0.8,0.6000000000000002,1.9999999999999996,0.0,H
2023-03-04,2022/23,Arsenal,Bournemouth,195.50786572129869,1.0,1.2,1.8,2.1,1.0,H
2023-03-04,2022/23,Man City,Newcastle,96.54486853111894,0.8,0.30000000000000004,0.5,1.5999999999999996,0.19999999999999996,H
2023-03-04,2022/23,Brighton,West Ham,71.97071487073208,0.0,0.7999999999999999,0.8999999999999999,3.9000000000000004,0.7999999999999999,H
2023-03-05,2022/23,Nott'm Forest,Everton,63.561971619574706,-0.19999999999999996,0.8,0.8999999999999999,0.0,2.0,D
2023-03-05,2022/23,Liverpool,Man United,14.252006956055993,0.0,-0.5999999999999999,-1.2000000000000002,-0.7999999999999998,0.6000000000000001,H
2023-03-06,2022/23,Brentford,Fulham,-5.2447378085421406,0.19999999999999996,0.0,0.30000000000000004,-1.0,0.20000000000000018,H
2023-03-11,2022/23,Bournemouth,Liverpool,-171.22864252362024,-1.8,-1.2,-1.9,-4.199999999999999,0.19999999999999996,H
2023-03-11,2022/23,Everton,Brentford,-121.77708891935185,-1.0,-1.4000000000000001,-2.3,-0.09999999999999964,-0.6000000000000001,H
2023-03-11,2022/23,Leeds,Brighton,-112.59290049443462,-0.8,-1.0,-1.4000000000000004,-3.6,-1.2000000000000002,D
2023-03-11,2022/23,Leicester,Chelsea,-69.99962269421576,0.19999999999999996,-0.30000000000000004,-0.3999999999999999,-1.9000000000000004,0.20000000000000007,A
2023-03-11,2022/23,Tottenham,Nott'm Forest,99.62376930969617,0.8,0.19999999999999996,0.4999999999999999,0.49999999999999956,1.0,H
2023-03-11,2022/23,Crystal Palace,Man City,-196.70394329964847,-2.0,-1.4000000000000001,-1.8000000000000003,-4.699999999999999,-0.5999999999999999,A
2023-03-12,2022/23,Man United,Southampton,175.9347337988563,0.8,1.1,1.0,0.6999999999999997,1.4000000000000001,D
2023-03-12,2022/23,Newcastle,Wolves,100.3752641153228,-0.7999999999999999,0.0,0.19999999999999996,2.8999999999999995,0.6000000000000001,H
2023-03-12,2022/23,Fulham,Arsenal,-121.29021166052894,-0.7999999999999998,-0.30000000000000004,-0.4999999999999998,-2.2999999999999994,-0.3999999999999999,A
2023-03-12,2022/23,West Ham,Aston Villa,-40.40349658430432,-0.19999999999999996,-0.7000000000000001,-0.3999999999999999,-1.0999999999999996,-1.0,D
2023-03-15,2022/23,Brighton,Crystal Palace,64.08291784829976,1.0,1.3,1.8000000000000003,5.6,1.0,H
2023-03-15,2022/23,Southampton,Brentford,-110.39845772556578,-0.20000000000000018,-0.8999999999999999,-1.4,1.7000000000000006,-1.0,A
2023-03-17,2022/23,Nott'm Forest,Newcastle,-105.32941858168533,-0.6,-0.09999999999999987,-0.5,-2.0999999999999996,0.6000000000000001,A
2023-03-18,2022/23,Chelsea,Everton,111.39614854866431,0.0,0.19999999999999996,1.0,0.9000000000000004,0.9999999999999999,D
2023-03-18,2022/23,Aston Villa,Bournemouth,36.08998369392134,0.0,0.8999999999999999,1.1,2.4999999999999996,0.7999999999999999,H
2023-03-18,2022/23,Brentford,Leicester,84.84543686481334,1.0,1.4000000000000001,1.7000000000000002,0.7999999999999998,2.0,D
2023-03-18,2022/23,Southampton,Tottenham,-171.00261255628357,-0.40000000000000013,-0.8,-1.0000000000000002,-0.19999999999999973,-0.6,D
2023-03-18,2022/23,Wolves,Leeds,34.30701399054624,0.0,0.7,0.3999999999999999,-1.8000000000000003,1.6,A
2023-03-19,2022/23,Arsenal,Crystal Palace,190.45415661610969,2.6,1.7000000000000002,1.6,3.5000000000000004,1.8,H
2023-04-01,2022/23,Nott'm Forest,Wolves,10.365096499652964,-0.4,-0.10000000000000009,-0.20000000000000018,0.2999999999999998,0.8,D
2023-04-01,2022/23,Chelsea,Aston Villa,33.64061876929395,-0.6000000000000001,-0.3999999999999999,-0.20000000000000018,1.0999999999999996,-0.3999999999999999,A
2023-04-01,2022/23,Crystal Palace,Leicester,7.737737954726754,0.0,-0.30000000000000004,-0.19999999999999996,-1.6,0.0,H
2023-04-01,2022/23,Bournemouth,Fulham,-67.64274586213742,-0.19999999999999996,-0.5999999999999999,-1.0,-1.2999999999999998,-0.3999999999999999,H
2023-04-01,2022/23,Arsenal,Leeds,220.56241424957807,1.6,1.3000000000000003,1.5,1.8000000000000003,1.2,H
2023-04-01,2022/23,Man City,Liverpool,78.43827367947802,0.6000000000000001,0.8000000000000003,0.9000000000000004,1.7000000000000002,1.8,H
2023-04-01,2022/23,Brighton,Brentford,11.833225026684204,0.0,-0.09999999999999987,-2.220446049250313e-16,3.7,0.7999999999999998,D
2023-04-02,2022/23,West Ham,Southampton,41.96354547530382,0.0,-0.10000000000000009,0.20000000000000018,-1.9999999999999996,0.20000000000000018,H
2023-04-02,2022/23,Newcastle,Man United,1.3274992882586503,-0.20000000000000018,-0.40000000000000013,-0.30000000000000004,0.6000000000000001,0.20000000000000018,H
2023-04-03,2022/23,Everton,Tottenham,-142.6436474950051,-1.0,-0.5,-0.8,-0.10000000000000009,1.0,D
2023-04-04,2022/23,Bournemouth,Brighton,-79.95738059091491,-0.40000000000000013,-0.7999999999999998,-1.8000000000000003,-7.0,-0.19999999999999996,A
2023-04-04,2022/23,Leeds,Nott'm Forest,-20.692628314194508,0.9999999999999999,-0.09999999999999998,0.10000000000000009,-0.2999999999999998,0.3999999999999999,H
2023-04-04,2022/23,Leicester,Aston Villa,-67.97839533134129,-2.4,-1.0999999999999999,-0.8999999999999999,-1.3000000000000007,-1.2,A
2023-04-04,2022/23,Chelsea,Liverpool,-74.42066451967366,0.0,-0.09999999999999987,-0.3999999999999998,-0.10000000000000009,0.19999999999999996,D
2023-04-05,2022/23,Man United,Brentford,38.81004375640646,-0.20000000000000018,-0.19999999999999996,-1.0,1.7999999999999998,1.0000000000000002,H
2023-04-05,2022/23,West Ham,Newcastle,-130.05563092715875,-0.40000000000000013,-0.30000000000000004,-0.09999999999999998,-3.0999999999999996,1.0000000000000002,A
2023-04-08,2022/23,Southampton,Man City,-284.2385629680009,-1.6,-1.7,-2.4,-3.7000000000000006,-1.2,A
2023-04-08,2022/23,Wolves,Chelsea,-72.40921289934363,-0.8,0.0,-0.19999999999999984,-2.4,0.8,H
2023-04-08,2022/23,Tottenham,Brighton,22.782141516843467,-0.6000000000000001,-0.19999999999999996,-0.7999999999999997,-5.300000000000001,0.5999999999999999,H
2023-04-08,2022/23,Leicester,Bournemouth,-15.2153056759239,-1.0,-0.30000000000000004,0.29999999999999993,0.8000000000000003,0.20000000000000007,A
2023-04-08,2022/23,Man United,Everton,144.04991798401375,0.19999999999999996,0.30000000000000004,0.3999999999999999,0.10000000000000053,1.8000000000000003,H
2023-04-08,2022/23,Brentford,Newcastle,-71.88428055307077,-1.4,-0.40000000000000013,-0.09999999999999998,-4.5,0.6000000000000001,A
2023-04-08,2022/23,Aston Villa,Nott'm Forest,75.89212941854953,2.2,1.2,1.2999999999999998,0.2999999999999998,1.6,H
2023-04-08,2022/23,Fulham,West Ham,56.42428117625582,-0.5999999999999999,-0.09999999999999987,0.09999999999999998,-0.39999999999999947,0.9999999999999999,A
2023-04-09,2022/23,Leeds,Crystal Palace,-24.976174386039702,0.7999999999999999,0.40000000000000013,0.19999999999999984,1.5,1.4000000000000001,A
2023-04-09,2022/23,Liverpool,Arsenal,-66.87415794444837,-1.6,-0.7000000000000002,-0.8,0.5000000000000004,0.20000000000000018,D
2023-04-15,2022/23,Man City,Leicester,267.0084326896292,2.8,1.8,2.3,6.6,2.2,H
2023-04-15,2022/23,Wolves,Brentford,-55.46593750099578,0.3999999999999999,0.09999999999999987,-0.30000000000000004,0.5,0.8,H
2023-04-15,2022/23,Southampton,Crystal Palace,-81.80277698011537,-0.7999999999999999,-0.09999999999999998,-0.7000000000000002,1.1999999999999997,0.0,A
2023-04-15,2022/23,Tottenham,Bournemouth,117.9714557537277,-0.19999999999999996,0.7,1.1,1.4999999999999996,1.8,A
2023-04-15,2022/23,Chelsea,Brighton,-30.180008266543837,-0.6000000000000001,-0.6000000000000001,-0.8999999999999999,-3.1999999999999997,-0.19999999999999996,A
2023-04-15,2022/23,Aston Villa,Newcastle,-77.35898887201233,-0.3999999999999999,0.09999999999999987,0.0,-2.6000000000000005,-0.19999999999999996,H
2023-04-15,2022/23,Everton,Fulham,-64.50071468825195,1.0,0.3999999999999999,-0.19999999999999996,0.7999999999999994,1.2,A
2023-04-16,2022/23,West Ham,Arsenal,-198.157015009029,-1.2000000000000002,-0.7999999999999998,-1.7000000000000002,-2.7000000000000006,-0.3999999999999999,D
2023-04-16,2022/23,Nott'm Forest,Man United,-142.25319709253608,-1.2,-1.1,-0.9999999999999998,-2.6000000000000005,0.3999999999999999,A
2023-04-17,2022/23,Leeds,Liverpool,-162.65286809911663,0.3999999999999999,-0.3999999999999999,-1.3,-2.6,0.3999999999999999,A
2023-04-21,2022/23,Arsenal,Southampton,269.54258241224215,2.0,1.4999999999999998,2.3,1.1,1.5999999999999999,D
2023-04-22,2022/23,Fulham,Leeds,77.93574315856017,-0.6,0.10000000000000009,1.0,-0.2999999999999998,0.0,H
2023-04-22,2022/23,Brentford,Aston Villa,-34.21016731575105,-2.6,-1.2000000000000002,-1.1999999999999997,-1.4,-0.3999999999999999,D
2023-04-22,2022/23,Crystal Palace,Everton,69.79318604549394,0.8,0.29999999999999993,1.0999999999999999,-0.5000000000000004,0.7999999999999999,D
2023-04-22,2022/23,Leicester,Wolves,-48.282153380074305,-1.2,-0.9999999999999999,-0.8000000000000002,-1.7000000000000002,-0.4,H
2023-04-22,2022/23,Liverpool,Nott'm Forest,169.7834439252499,0.8,1.5,2.8000000000000003,4.299999999999999,2.2,H
2023-04-23,2022/23,Newcastle,Tottenham,30.903877484892746,0.7999999999999998,0.0,-0.10000000000000009,1.2000000000000002,1.0,H
2023-04-23,2022/23,Bournemouth,West Ham,8.783761139849275,0.19999999999999996,0.30000000000000004,0.0,-0.19999999999999973,0.5999999999999999,A
2023-04-25,2022/23,Wolves,Crystal Palace,-25.769182512577117,-0.6000000000000001,-0.09999999999999987,-0.40000000000000013,0.1999999999999993,0.6000000000000001,H
2023-04-25,2022/23,Aston Villa,Fulham,30.325979114186794,1.4000000000000001,0.8999999999999999,1.2,1.1000000000000005,1.0,H
2023-04-25,2022/23,Leeds,Leicester,-11.416636781943225,0.0,0.6,2.220446049250313e-16,0.7000000000000002,1.2,D
2023-04-26,2022/23,Nott'm Forest,Brighton,-123.75254471017661,-1.8,-1.5,-2.0,-6.199999999999999,-1.0,H
2023-04-26,2022/23,Chelsea,Brentford,-4.016502396499845,0.0,-0.09999999999999998,-0.19999999999999996,0.6999999999999993,0.19999999999999996,A
2023-04-26,2022/23,West Ham,Liverpool,-127.28062217393813,0.3999999999999999,-0.30000000000000004,-1.2999999999999998,-3.2,0.6000000000000001,A
2023-04-26,2022/23,Man City,Arsenal,42.73109732802732,1.2,0.10000000000000009,0.0,2.5999999999999996,0.7999999999999998,H
2023-04-27,2022/23,Everton,Newcastle,-180.28390919740923,-1.7999999999999998,-0.8999999999999999,-1.5,-1.2999999999999998,-0.40000000000000013,A
2023-04-27,2022/23,Southampton,Bournemouth,-68.3826989795059,-1.4,-0.6,0.09999999999999976,2.1999999999999997,-1.0,A
2023-04-27,2022/23,Tottenham,Man United,-32.969347122208546,-1.0,-0.6000000000000001,-0.5,-2.7999999999999994,1.2,D
2023-04-29,2022/23,Brentford,Nott'm Forest,75.6595721956021,0.20000000000000007,0.7,1.1,0.2999999999999998,1.2,H
2023-04-29,2022/23,Brighton,Wolves,71.69217604956566,-0.6000000000000001,0.10000000000000009,0.3999999999999999,5.4,1.6,H
2023-04-29,2022/23,Crystal Palace,West Ham,5.149081278037329,0.6000000000000001,-0.2999999999999998,0.0,0.40000000000000036,-0.19999999999999996,H
2023-04-30,2022/23,Man United,Aston Villa,43.562603784194835,-0.6000000000000001,-0.8,-1.4000000000000001,1.6000000000000005,0.0,H
2023-04-30,2022/23,Newcastle,Southampton,223.6489085807159,2.1999999999999997,1.5,1.8999999999999997,1.5000000000000004,1.0,H
2023-04-30,2022/23,Bournemouth,Leeds,56.08584509659454,1.0,0.3999999999999999,0.20000000000000018,-1.5,0.6,H
2023-04-30,2022/23,Fulham,Man City,-198.24238197986892,-1.8,-1.4999999999999998,-2.1999999999999997,-5.9,-1.2000000000000002,A
2023-04-30,2022/23,Liverpool,Tottenham,58.2190000049377,1.2000000000000002,0.30000000000000004,1.1999999999999997,2.3000000000000007,2.2,H
2023-05-01,2022/23,Leicester,Everton,15.984522472904246,0.4,-0.19999999999999996,0.3999999999999999,-0.39999999999999947,0.0,D
2023-05-02,2022/23,Arsenal,Chelsea,154.78128479650672,1.0,1.3,1.8000000000000003,0.7999999999999998,1.6,H
2023-05-03,2022/23,Liverpool,Fulham,125.44127795115583,1.4000000000000001,1.0,1.7000000000000002,3.5,1.4000000000000001,H
2023-05-03,2022/23,Man City,West Ham,243.56295791350476,1.6,1.4,1.9999999999999998,5.6000000000000005,1.8,H
2023-05-04,2022/23,Brighton,Man United,-51.37383824935796,-0.8,-0.30000000000000004,0.8000000000000003,2.0999999999999996,0.6000000000000001,H
2023-05-06,2022/23,Bournemouth,Chelsea,-3.432204282375551,2.1999999999999997,1.0,0.4999999999999998,-1.0000000000000009,1.0,A
2023-05-06,2022/23,Man City,Leeds,298.52614917225765,2.8,1.9999999999999998,3.4999999999999996,5.499999999999999,2.4,H
2023-05-06,2022/23,Tottenham,Crystal Palace,65.21783188070049,-1.2,-0.10000000000000009,-0.30000000000000027,-0.39999999999999947,0.8,H
2023-05-06,2022/23,Wolves,Aston Villa,-78.05697034962304,-0.19999999999999996,-0.9999999999999998,-1.8,-1.5,0.7999999999999998,H
2023-05-06,2022/23,Liverpool,Brentford,104.369200709496,1.6,0.8,1.2000000000000002,1.5,1.2000000000000002,H
2023-05-07,2022/23,Newcastle,Arsenal,-34.976392040795645,1.2,0.2999999999999998,0.10000000000000031,0.6999999999999997,0.7999999999999998,A
2023-05-07,2022/23,West Ham,Man United,-128.22518715625074,-1.2,-0.5999999999999999,-0.6000000000000003,-3.7,0.19999999999999996,H
2023-05-08,2022/23,Brighton,Everton,138.24199921900345,1.4,1.2,2.1999999999999997,4.5,1.8,A
2023-05-08,2022/23,Nott'm Forest,Southampton,51.150049287718275,0.39999999999999997,-0.09999999999999998,0.19999999999999984,-1.6999999999999997,0.6,H
2023-05-08,2022/23,Fulham,Leicester,60.94141490200627,0.19999999999999996,0.09999999999999998,0.09999999999999987,-0.49999999999999956,0.4,H
2023-05-13,2022/23,Leeds,Newcastle,-193.4154436634269,-1.6,-1.5999999999999999,-2.8,-2.9999999999999996,-1.4,D
2023-05-13,2022/23,Aston Villa,Tottenham,-26.485508066383318,0.5999999999999999,0.8,1.4000000000000001,0.5999999999999996,2.6,H
2023-05-13,2022/23,Chelsea,Nott'm Forest,54.93732991668958,-0.6,0.40000000000000013,0.40000000000000036,1.5999999999999996,0.4,D
2023-05-13,2022/23,Crystal Palace,Bournemouth,8.866129150155984,-0.40000000000000013,-0.5,0.30000000000000004,1.0,-0.19999999999999996,H
2023-05-13,2022/23,Man United,Wolves,103.61868919267886,-0.40000000000000013,-0.20000000000000018,-0.19999999999999996,2.700000000000001,2.4,H
2023-05-13,2022/23,Southampton,Fulham,-121.62597888365212,-1.0,-0.6000000000000001,-0.7999999999999996,1.8000000000000003,-0.39999999999999997,A
2023-05-14,2022/23,Brentford,West Ham,44.508696731711325,0.19999999999999996,-0.19999999999999996,0.19999999999999996,-0.09999999999999964,0.40000000000000013,H
2023-05-14,2022/23,Everton,Man City,-278.4801635978163,-2.0,-1.9,-2.4000000000000004,-5.299999999999999,-1.8,A
2023-05-14,2022/23,Arsenal,Brighton,117.3511896530224,-0.19999999999999996,0.40000000000000013,0.7000000000000002,-1.7999999999999998,1.2000000000000002,A
2023-05-15,2022/23,Leicester,Liverpool,-208.86413520331985,-2.0,-1.4,-1.4000000000000001,-1.3000000000000003,-0.5999999999999999,A
2023-05-18,2022/23,Newcastle,Brighton,42.57202437391493,0.19999999999999996,0.30000000000000027,0.5999999999999999,-2.1,0.5999999999999999,H
2023-05-20,2022/23,Nott'm Forest,Arsenal,-199.93080105356967,0.0,-1.0,-1.2,-2.6000000000000005,-0.20000000000000018,H
2023-05-20,2022/23,Liverpool,Aston Villa,99.23795080560103,1.6,0.09999999999999964,-0.10000000000000031,4.440892098500626e-16,1.2000000000000002,D
2023-05-20,2022/23,Wolves,Everton,38.21390740908191,0.19999999999999996,0.30000000000000004,-0.09999999999999987,-1.2000000000000006,1.2,D
2023-05-20,2022/23,Bournemouth,Man United,-120.9411555989318,-0.19999999999999996,-0.19999999999999996,-1.0,-4.2,0.3999999999999999,A
2023-05-20,2022/23,Tottenham,Brentford,23.606218904407342,-1.2,0.0,-0.3999999999999999,-0.10000000000000053,1.2,A
2023-05-20,2022/23,Fulham,Crystal Palace,19.722320578084464,-0.19999999999999996,-0.40000000000000013,-0.40000000000000013,-2.6,0.0,D
2023-05-21,2022/23,West Ham,Leeds,52.47914664451014,0.19999999999999996,0.5,0.9999999999999998,-0.3000000000000007,0.7999999999999999,H
2023-05-21,2022/23,Brighton,Southampton,181.25363428592527,1.6,1.4000000000000001,1.7,3.6000000000000005,1.6,H
2023-05-21,2022/23,Man City,Chelsea,223.71183387763926,2.2,2.1,2.5999999999999996,4.500000000000001,1.8,H
2023-05-22,2022/23,Newcastle,Leicester,188.42358551775283,1.0,1.6,2.4,3.0,2.0,D
2023-05-24,2022/23,Brighton,Man City,-166.68488112415025,-1.2,-1.2,-1.6,-1.3999999999999995,-1.0,D
2023-05-25,2022/23,Man United,Chelsea,100.96188433384259,1.0,1.2999999999999998,1.2000000000000002,2.6000000000000005,1.4000000000000001,H
2023-05-28,2022/23,Southampton,Liverpool,-270.15161517927277,-2.6,-2.1999999999999997,-2.7,-2.400000000000001,-1.8,D
2023-05-28,2022/23,Man United,Fulham,92.45715760131475,0.40000000000000013,0.9000000000000001,0.7999999999999998,5.3999999999999995,1.8,H
2023-05-28,2022/23,Leicester,West Ham,-48.41318758646776,-0.6,-0.7000000000000001,-0.6000000000000001,0.0,-0.3999999999999999,H
2023-05-28,2022/23,Everton,Bournemouth,-21.094792485834432,-0.19999999999999996,-0.7,-0.19999999999999973,-0.20000000000000018,-1.0,H
2023-05-28,2022/23,Leeds,Tottenham,-129.26332794114683,-0.4,-0.4,-1.0,-0.9000000000000004,0.6,A
2023-05-28,2022/23,Chelsea,Newcastle,-115.93822099171393,-0.8,-1.5,-2.3,-2.3999999999999995,-1.6,D
2023-05-28,2022/23,Brentford,Man City,-180.58066932273232,-0.20000000000000018,-1.4,-1.8,-4.5,-1.0,H
2023-05-28,2022/23,Aston Villa,Brighton,-12.727449353719521,0.0,0.3999999999999999,0.4999999999999999,-2.9,1.8,H
2023-05-28,2022/23,Arsenal,Wolves,165.71879913439784,-0.19999999999999996,0.10000000000000009,0.8,1.3999999999999995,1.8,H
2023-05-28,2022/23,Crystal Palace,Nott'm Forest,30.426441793247704,-0.6000000000000001,0.5999999999999999,0.7000000000000002,3.1999999999999997,1.8,D
2023-08-11,2023/24,Burnley,Man City,-199.15502927879152,-1.2,-1.1,-1.7,-3.6999999999999993,-0.19999999999999996,A
2023-08-12,2023/24,Newcastle,Aston Villa,36.967083479958774,-0.19999999999999996,-0.19999999999999996,0.20000000000000018,1.0000000000000009,1.0,H
2023-08-12,2023/24,Everton,Fulham,-45.61629425380738,0.20000000000000018,-0.30000000000000004,-0.7000000000000002,1.2999999999999998,-0.3999999999999999,A
2023-08-12,2023/24,Arsenal,Nott'm Forest,139.21984643666838,0.19999999999999996,0.3999999999999999,0.8000000000000003,3.5,1.6,H
2023-08-12,2023/24,Bournemouth,West Ham,-14.605373213990333,-0.6,-0.10000000000000009,-0.6000000000000001,-1.2000000000000002,0.0,D
2023-08-13,2023/24,Brentford,Tottenham,5.136766040627663,1.2,0.5,0.7999999999999997,-0.40000000000000036,1.2,D
2023-08-13,2023/24,Chelsea,Liverpool,-114.51816712749223,-1.2000000000000002,-1.7999999999999998,-2.1,-1.9000000000000004,-1.6,D
2023-08-14,2023/24,Man United,Wolves,113.35089977743792,1.5999999999999999,0.8000000000000003,1.7999999999999998,6.799999999999999,2.8,H
2023-08-19,2023/24,Man City,Newcastle,83.12698836463346,0.19999999999999996,0.7,0.40000000000000013,0.1999999999999993,1.4,H
2023-08-19,2023/24,Tottenham,Man United,-50.65537557528114,-1.6,-1.1,-1.4,-2.2999999999999994,0.0,H
2023-08-19,2023/24,Liverpool,Bournemouth,147.3133197480215,1.6,1.0999999999999999,1.7,1.7999999999999998,0.8,H
2023-08-19,2023/24,Wolves,Brighton,-82.32976617602594,-0.5999999999999999,-0.30000000000000004,-1.4000000000000001,-4.1,1.4000000000000001,A
2023-08-19,2023/24,Fulham,Brentford,-29.111760758850323,0.0,-0.09999999999999987,0.0,-1.9999999999999996,0.19999999999999996,A
2023-08-20,2023/24,Aston Villa,Everton,92.07630821342195,0.0,0.7999999999999999,0.7999999999999998,-0.5999999999999992,1.8,H
2023-08-20,2023/24,West Ham,Chelsea,-18.70423470209562,0.7999999999999999,0.5000000000000001,0.7000000000000002,-0.39999999999999947,0.7999999999999999,H
2023-08-21,2023/24,Crystal Palace,Arsenal,-111.71933211290366,-0.19999999999999996,0.30000000000000004,0.3999999999999999,-8.881784197001252e-16,1.2000000000000002,A
2023-08-26,2023/24,Bournemouth,Tottenham,-96.73460908647962,-1.2,-0.10000000000000009,-0.30000000000000004,-2.7,0.0,A
2023-08-26,2023/24,Arsenal,Fulham,123.26092267668469,0.40000000000000013,0.3999999999999999,0.5,3.9000000000000004,0.8,D
2023-08-26,2023/24,Brentford,Crystal Palace,56.38816412759843,1.0,0.5,0.6000000000000001,-0.49999999999999956,0.8000000000000003,D
2023-08-26,2023/24,Everton,Wolves,-17.179629768455698,0.6000000000000001,-0.09999999999999998,0.5000000000000002,2.9000000000000004,0.6,A
2023-08-26,2023/24,Man United,Nott'm Forest,104.60857695520781,0.7999999999999998,0.5,0.5,4.699999999999999,2.6,H
2023-08-26,2023/24,Brighton,West Ham,74.54788644998075,0.6000000000000001,0.5999999999999999,0.9000000000000001,3.0,1.8,A
2023-08-27,2023/24,Newcastle,Liverpool,-26.237630575761614,-0.19999999999999996,-0.5999999999999999,0.40000000000000013,1.600000000000001,-0.20000000000000018,A
2023-08-27,2023/24,Burnley,Aston Villa,-82.77694510104425,-1.8,-0.5999999999999999,-0.8999999999999998,-1.9000000000000004,0.7999999999999999,A
2023-09-02,2023/24,Brentford,Bournemouth,105.03734119365458,2.0,1.4000000000000001,2.0,2.6999999999999993,1.0000000000000002,D
2023-09-02,2023/24,Burnley,Tottenham,-106.9662340344189,-1.8,-0.2999999999999998,-0.3999999999999999,-3.0,-0.7999999999999999,A
2023-09-02,2023/24,Chelsea,Nott'm Forest,22.66074240798571,-0.3999999999999999,-0.4999999999999999,-0.5999999999999999,3.3999999999999995,0.7999999999999999,A
2023-09-02,2023/24,Man City,Fulham,178.73531560690049,1.0,1.4,1.5000000000000002,6.3999999999999995,1.6,H
2023-09-02,2023/24,Brighton,Newcastle,-27.8813988218144,0.3999999999999999,0.10000000000000009,-0.6000000000000001,0.39999999999999947,0.3999999999999999,H
2023-09-03,2023/24,Crystal Palace,Wolves,30.760755259872212,0.3999999999999999,0.30000000000000004,1.4000000000000001,4.9,1.0,H
2023-09-03,2023/24,Liverpool,Aston Villa,67.40548476321806,-0.19999999999999996,0.7,0.7000000000000002,0.2999999999999998,1.8,H
2023-09-03,2023/24,Arsenal,Man United,33.346774422848284,-0.3999999999999999,-0.40000000000000013,-0.19999999999999996,-0.6000000000000005,1.2,H
2023-09-16,2023/24,Newcastle,Brentford,18.666621541040968,-1.0,-0.9000000000000001,-0.7,1.0,-0.40000000000000013,H
2023-09-16,2023/24,West Ham,Man City,-180.20913831926146,-0.3999999999999999,-0.8999999999999999,-1.5000000000000002,-3.3000000000000007,0.0,A
2023-09-16,2023/24,Aston Villa,Crystal Palace,40.085619059888586,0.19999999999999996,0.10000000000000009,-0.09999999999999987,-2.4000000000000004,2.0,H
2023-09-16,2023/24,Wolves,Liverpool,-166.1208573742981,-1.6,-1.4,-2.5999999999999996,-3.7000000000000006,-0.20000000000000018,A
2023-09-16,2023/24,Man United,Brighton,25.52930717036088,0.0,0.19999999999999996,-4.440892098500626e-16,-1.1999999999999997,1.8,A
2023-09-17,2023/24,Bournemouth,Chelsea,-32.58135230014068,-0.6,-0.09999999999999998,-0.20000000000000018,-2.5,0.20000000000000007,D
2023-09-17,2023/24,Everton,Arsenal,-195.43945690502346,-1.8,-0.9999999999999999,-1.2999999999999998,-1.6000000000000005,-0.7999999999999999,A
2023-09-18,2023/24,Nott'm Forest,Burnley,40.00835238125296,1.2,0.7,1.0999999999999999,0.0,1.4,D
2023-09-23,2023/24,Crystal Palace,Fulham,-10.424805703809625,0.0,0.10000000000000009,0.40000000000000013,4.8999999999999995,0.6000000000000001,D
2023-09-23,2023/24,Man City,Nott'm Forest,215.45032760378763,1.6,1.0,1.4,4.5,2.0,H
2023-09-23,2023/24,Brentford,Everton,111.3837921323584,1.0,0.9,1.2000000000000002,0.20000000000000018,0.6000000000000001,A
2023-09-23,2023/24,Burnley,Man United,-120.8658655726449,-1.0,-1.0,-1.2,-3.9000000000000004,-0.6,A
2023-09-24,2023/24,Chelsea,Aston Villa,-72.04542935642849,-0.8,-0.6000000000000001,-0.30000000000000004,1.4999999999999996,0.3999999999999999,A
2023-09-24,2023/24,Sheffield United,Newcastle,-102.58087382551389,-1.0,-1.0,-1.0,-4.9,-0.6666666666666667,A
2023-09-24,2023/24,Liverpool,West Ham,131.9513572216904,0.6000000000000001,0.7999999999999998,1.3000000000000003,3.0999999999999996,1.2000000000000002,H
2023-09-24,2023/24,Brighton,Bournemouth,118.33477646865344,1.7999999999999998,1.2999999999999998,1.6,5.300000000000001,1.2,H
2023-09-24,2023/24,Arsenal,Tottenham,60.326714086111906,0.0,0.30000000000000027,0.20000000000000007,0.7000000000000002,0.0,D
2023-09-30,2023/24,Aston Villa,Brighton,-7.754438843860498,0.0,0.0,-0.4999999999999998,-2.0999999999999996,1.2,H
2023-09-30,2023/24,Bournemouth,Arsenal,-187.78158327135225,-1.8000000000000003,-1.7,-2.0,-4.800000000000001,-1.4,A
2023-09-30,2023/24,Everton,Luton,-27.54259892704158,0.6000000000000001,0.9000000000000001,1.3,4.2,0.6,A
2023-09-30,2023/24,Man United,Crystal Palace,76.997470842535,0.19999999999999996,0.8,0.40000000000000013,-0.39999999999999947,1.4,A
2023-09-30,2023/24,Newcastle,Burnley,142.29485873554177,1.0,1.0,2.4,5.3999999999999995,0.8,H
2023-09-30,2023/24,West Ham,Sheffield United,37.43945839012895,1.6,1.4333333333333333,2.1,3.2333333333333325,1.8,H
2023-09-30,2023/24,Wolves,Man City,-243.04755948351567,-2.2,-1.7,-2.8,-5.8,-0.6000000000000001,H
2023-09-30,2023/24,Tottenham,Liverpool,-62.56002104376239,-0.3999999999999999,-0.3999999999999999,-0.4999999999999998,1.0,-0.20000000000000018,H
2023-10-01,2023/24,Nott'm Forest,Brentford,-45.460990669130524,0.3999999999999999,0.0,-0.3999999999999999,-1.2999999999999998,0.8,D
2023-10-02,2023/24,Fulham,Chelsea,39.06248419808344,0.19999999999999996,0.8,0.29999999999999993,-3.5999999999999996,0.5999999999999999,A
2023-10-03,2023/24,Luton,Burnley,45.71577284965019,0.6000000000000001,0.4666666666666666,0.3333333333333337,0.3666666666666667,-0.5,A
2023-10-07,2023/24,Man United,Brentford,38.496506598709175,0.6,0.19999999999999996,-0.40000000000000013,0.0,0.40000000000000013,H
2023-10-07,2023/24,Crystal Palace,Nott'm Forest,35.297875712218,0.6000000000000001,0.30000000000000004,0.30000000000000004,3.3999999999999995,0.8,D
2023-10-07,2023/24,Fulham,Sheffield United,45.996855934397445,0.8,1.0571428571428572,1.4,3.1714285714285717,1.4,H
2023-10-07,2023/24,Luton,Tottenham,-121.00329876610317,-1.8,-1.4285714285714286,-2.0428571428571427,-5.3999999999999995,-1.866666666666667,A
2023-10-07,2023/24,Burnley,Chelsea,-39.178192066040765,-0.5999999999999999,-0.4,-0.9,-4.299999999999999,-0.8,A
2023-10-07,2023/24,Everton,Bournemouth,-6.786358721281431,0.4,0.5,0.5999999999999999,3.8000000000000007,0.39999999999999997,H
2023-10-08,2023/24,Brighton,Liverpool,-66.22629238916034,-0.5999999999999999,-0.20000000000000018,-0.6000000000000001,2.6999999999999993,0.3999999999999999,D
2023-10-08,2023/24,West Ham,Newcastle,-80.19270941053765,0.0,-0.09999999999999987,-1.2,-4.699999999999999,1.4,D
2023-10-08,2023/24,Wolves,Aston Villa,-101.15310828418819,-1.0,-1.4000000000000001,-2.1,-5.3,0.0,D
2023-10-08,2023/24,Arsenal,Man City,-47.61170405830876,-0.19999999999999973,-0.20000000000000018,-0.19999999999999996,0.30000000000000027,0.40000000000000013,H
2023-10-21,2023/24,Liverpool,Everton,191.20990092373586,0.6000000000000001,0.7999999999999998,1.0999999999999999,-1.3000000000000007,1.0,H
2023-10-21,2023/24,Bournemouth,Wolves,-44.623340065705634,-0.6,-0.6000000000000001,-0.5,0.6000000000000001,-0.4,A
2023-10-21,2023/24,Brentford,Burnley,80.3151082571776,-0.4,0.8,1.5999999999999999,2.6000000000000005,0.19999999999999996,H
2023-10-21,2023/24,Man City,Brighton,111.67276668128738,-0.19999999999999996,0.19999999999999996,0.6000000000000001,1.0999999999999996,1.8,H
2023-10-21,2023/24,Newcastle,Crystal Palace,74.99665109396824,0.3999999999999999,0.10000000000000009,1.1,1.7000000000000002,0.3999999999999999,H
2023-10-21,2023/24,Nott'm Forest,Luton,21.7844547684208,0.3999999999999999,0.8,1.025,1.875,1.4500000000000002,D
2023-10-21,2023/24,Chelsea,Arsenal,-150.7516971450375,-1.2000000000000002,-1.0999999999999999,-1.3,-3.1999999999999997,-1.4,D
2023-10-21,2023/24,Sheffield United,Man United,-123.03971589775733,-1.0,-1.675,-2.1,-6.4750000000000005,-0.95,A
2023-10-22,2023/24,Aston Villa,West Ham,65.83810833657094,0.6000000000000001,0.30000000000000004,0.40000000000000036,2.000000000000001,1.6,H
2023-10-23,2023/24,Tottenham,Fulham,89.34842156690024,1.2000000000000002,1.0999999999999999,1.6999999999999997,5.1,1.4,H
2023-10-27,2023/24,Crystal Palace,Tottenham,-98.0440676847852,-1.6,-1.3,-1.9,-2.2000000000000006,-1.0000000000000002,A
2023-10-28,2023/24,Chelsea,Brentford,-23.55306945955408,0.8,0.0,0.09999999999999987,0.30000000000000027,-0.3999999999999999,A
2023-10-28,2023/24,Arsenal,Sheffield United,206.52891104702758,2.2,2.2888888888888888,3.3888888888888884,8.166666666666666,2.2,H
2023-10-28,2023/24,Bournemouth,Burnley,-12.012063705419223,-0.39999999999999997,-0.10000000000000003,0.19999999999999996,0.7000000000000006,-0.6,H
2023-10-28,2023/24,Wolves,Newcastle,-107.84528814408873,-1.0,-0.5999999999999999,-2.4,-5.699999999999999,0.0,D
2023-10-29,2023/24,West Ham,Everton,64.6897825625008,-0.3999999999999999,0.3999999999999999,0.2999999999999998,-2.9,1.0,A
2023-10-29,2023/24,Aston Villa,Luton,117.75039170595369,1.6,1.6444444444444446,2.1,4.7,2.2,H
2023-10-29,2023/24,Brighton,Fulham,57.974684512831345,0.0,0.5,1.0999999999999996,4.0,1.0,D
2023-10-29,2023/24,Liverpool,Nott'm Forest,155.83784155993885,1.2,1.0,1.2999999999999998,1.1000000000000005,1.8,H
2023-10-29,2023/24,Man United,Man City,-103.38273931374374,0.0,-0.30000000000000004,-1.1999999999999997,-3.3000000000000003,0.0,A
2023-11-04,2023/24,Newcastle,Arsenal,-58.31510980406915,0.0,-0.7,2.220446049250313e-16,-0.7999999999999998,0.3999999999999999,H
2023-11-04,2023/24,Sheffield United,Wolves,-50.20025837586991,-1.8,-1.0999999999999999,-1.8000000000000003,-2.9,-1.2,H
2023-11-04,2023/24,Man City,Bournemouth,263.18671177148553,1.2000000000000002,1.7999999999999998,2.8000000000000003,6.800000000000001,2.8,H
2023-11-04,2023/24,Burnley,Crystal Palace,-73.46485924678564,-0.4,-0.7999999999999999,-1.2,-4.300000000000001,-1.4,A
2023-11-04,2023/24,Brentford,West Ham,47.65565886837976,0.5999999999999999,-0.09999999999999987,0.5,2.9000000000000004,-0.19999999999999996,H
2023-11-04,2023/24,Fulham,Man United,-65.08657682100875,-0.8,-0.30000000000000004,-0.20000000000000007,-1.4999999999999991,-0.40000000000000013,A
2023-11-04,2023/24,Everton,Brighton,-107.01569411440573,0.8,-0.7,-0.7999999999999998,-0.8999999999999999,-0.6,D
2023-11-05,2023/24,Nott'm Forest,Aston Villa,-110.35694922883317,-2.0,-1.2000000000000002,-1.7000000000000002,-3.3000000000000003,0.40000000000000013,H
2023-11-05,2023/24,Luton,Liverpool,-182.7676666695304,-1.2,-1.7999999999999998,-2.5,-4.700000000000001,-1.35,D
2023-11-06,2023/24,Tottenham,Chelsea,122.64821588332279,1.2000000000000002,1.4000000000000001,1.1000000000000003,1.0999999999999992,1.0,A
2023-11-11,2023/24,Wolves,Tottenham,-120.73293666159157,-0.7999999999999998,-1.3,-1.4000000000000001,-3.9,-1.6,H
2023-11-11,2023/24,Arsenal,Burnley,226.57644161237522,1.4,1.7000000000000002,2.9,5.699999999999999,1.4000000000000001,H
2023-11-11,2023/24,Crystal Palace,Everton,54.87038470146422,0.0,0.09999999999999987,-0.1000000000000002,-0.8000000000000003,-0.3999999999999999,A
2023-11-11,2023/24,Man United,Luton,120.02510784522588,1.4,0.9,0.29999999999999993,2.3000000000000007,0.3999999999999999,H
2023-11-11,2023/24,Bournemouth,Newcastle,-176.00183654128023,-1.6,-1.2,-3.0,-5.1,-0.19999999999999996,H
2023-11-12,2023/24,Chelsea,Man City,-189.62244210383142,0.19999999999999996,-1.0,-1.2,-3.9000000000000004,-1.0,D
2023-11-12,2023/24,West Ham,Nott'm Forest,-5.704916114824755,-0.3999999999999999,0.0,0.0,-1.1000000000000005,0.5999999999999999,H
2023-11-12,2023/24,Liverpool,Brentford,94.02077142427652,-0.3999999999999999,0.7999999999999998,0.8999999999999999,0.6000000000000001,1.6,H
2023-11-12,2023/24,Aston Villa,Fulham,78.2623621501782,1.2,1.3000000000000003,2.3,4.4,2.4,H
2023-11-12,2023/24,Brighton,Sheffield United,109.5231927875684,0.0,1.1,2.1,5.200000000000001,1.6,D
2023-11-25,2023/24,Man City,Liverpool,48.37915434339379,-0.20000000000000018,-0.09999999999999964,0.10000000000000009,2.3999999999999995,1.4,D
2023-11-25,2023/24,Burnley,West Ham,-78.95589450619718,-0.8,-0.9,-1.2999999999999998,-0.6000000000000005,-1.2,A
2023-11-25,2023/24,Luton,Crystal Palace,-37.76410808028936,-0.4,-0.6,-0.20000000000000007,-1.5000000000000004,-0.9999999999999999,H
2023-11-25,2023/24,Newcastle,Chelsea,80.26447976687678,0.0,0.19999999999999996,0.40000000000000013,1.0000000000000009,0.3999999999999999,H
2023-11-25,2023/24,Nott'm Forest,Brighton,-73.08171076405733,0.19999999999999996,-0.30000000000000004,-0.19999999999999996,-1.8999999999999995,0.40000000000000013,A
2023-11-25,2023/24,Sheffield United,Bournemouth,11.76538354233071,-0.3999999999999999,-0.30000000000000004,-0.5,-2.8000000000000007,0.6000000000000001,A
2023-11-25,2023/24,Brentford,Arsenal,-106.70324334803422,-0.19999999999999996,-0.9000000000000001,-1.5,-2.9000000000000004,-0.3999999999999999,A
2023-11-26,2023/24,Tottenham,Aston Villa,5.704717127543745,-0.19999999999999996,0.0,-0.5,-1.0,1.0,A
2023-11-26,2023/24,Everton,Man United,-121.22428669759825,-0.3999999999999999,-0.40000000000000013,0.3999999999999999,1.1,-1.0,A
2023-11-27,2023/24,Fulham,Wolves,0.8688565714085144,-0.8,-0.6,-0.7999999999999999,0.6999999999999997,-0.19999999999999996,H
2023-12-02,2023/24,Newcastle,Man United,0.6223947068272082,-0.3999999999999999,0.19999999999999996,1.5,2.4000000000000004,0.6000000000000001,H
2023-12-02,2023/24,Nott'm Forest,Everton,12.159621333014229,-0.5999999999999999,-0.3999999999999999,-0.3999999999999999,-1.1000000000000005,-0.8,A
2023-12-02,2023/24,Arsenal,Wolves,171.61219780836586,0.6000000000000001,1.0999999999999999,1.7000000000000002,3.5000000000000004,1.8,H
2023-12-02,2023/24,Brentford,Luton,63.336365667384825,0.8,0.20000000000000007,0.19999999999999996,2.3000000000000007,0.5999999999999999,H
2023-12-02,2023/24,Burnley,Sheffield United,-37.789255127829165,-0.8,-0.09999999999999998,0.5999999999999999,3.3,-0.2,H
2023-12-03,2023/24,Bournemouth,Aston Villa,-141.13390684339402,-0.5999999999999999,-1.1,-2.1,-2.5,0.0,D
2023-12-03,2023/24,Chelsea,Brighton,-58.732323025128835,-0.19999999999999996,-0.40000000000000013,0.0,-0.1999999999999993,-0.9999999999999999,H
2023-12-03,2023/24,Liverpool,Fulham,147.55990573833515,1.4000000000000001,1.0,2.1,2.5999999999999996,2.6,H
2023-12-03,2023/24,West Ham,Crystal Palace,15.049294434425747,0.6,0.19999999999999996,0.10000000000000009,-1.3000000000000003,0.19999999999999996,D
2023-12-03,2023/24,Man City,Tottenham,113.6265129046169,1.0000000000000002,0.10000000000000009,1.1000000000000003,2.6000000000000005,0.6000000000000001,D
2023-12-05,2023/24,Wolves,Burnley,65.99517914578064,0.20000000000000007,0.6,0.7,0.2999999999999994,1.0,H
2023-12-05,2023/24,Luton,Arsenal,-198.1316805548122,-1.5999999999999999,-1.4,-1.9000000000000001,-4.7,-1.0,A
2023-12-06,2023/24,Man United,Chelsea,73.74349011069489,0.40000000000000013,0.30000000000000004,-0.19999999999999996,-0.5999999999999996,-0.8,H
2023-12-06,2023/24,Sheffield United,Liverpool,-220.70977474628148,-1.4000000000000001,-1.7000000000000002,-3.6999999999999997,-8.5,-0.3999999999999999,A
2023-12-06,2023/24,Aston Villa,Man City,-93.26798995472996,0.19999999999999996,0.4999999999999998,0.2999999999999998,-2.499999999999999,1.6,H
2023-12-06,2023/24,Crystal Palace,Bournemouth,32.55267299769048,-1.2,-0.20000000000000007,0.40000000000000024,-0.7000000000000002,0.19999999999999996,A
2023-12-06,2023/24,Brighton,Brentford,16.2553355243881,-0.6000000000000001,0.0,-0.19999999999999996,-0.2999999999999998,1.0,H
2023-12-06,2023/24,Fulham,Nott'm Forest,36.736730064312496,0.20000000000000007,0.40000000000000013,0.19999999999999996,-0.3000000000000007,1.0,H
2023-12-07,2023/24,Everton,Newcastle,-134.5834385293599,0.0,-0.6999999999999997,-1.7,-1.2999999999999998,-0.19999999999999996,H
2023-12-07,2023/24,Tottenham,West Ham,82.07849112806343,-0.5999999999999999,0.5999999999999999,0.5999999999999999,2.3000000000000003,0.6000000000000001,A
2023-12-09,2023/24,Crystal Palace,Liverpool,-182.47475709519654,-1.4000000000000001,-1.2000000000000002,-1.8,-3.9999999999999996,-0.7999999999999999,A
2023-12-09,2023/24,Brighton,Burnley,154.9606663224588,1.0,0.7000000000000001,0.5999999999999999,1.7000000000000002,1.2000000000000002,D
2023-12-09,2023/24,Man United,Bournemouth,126.23260666274041,0.3999999999999999,0.8,1.2000000000000002,0.09999999999999964,0.6000000000000001,A
2023-12-09,2023/24,Sheffield United,Brentford,-103.11343708732193,-0.3999999999999999,-0.9,-2.6,-5.8999999999999995,-0.20000000000000007,H
2023-12-09,2023/24,Wolves,Nott'm Forest,33.62203349765491,0.6,0.9,1.2000000000000002,0.7999999999999994,2.0,D
2023-12-09,2023/24,Aston Villa,Arsenal,-61.64293463502304,-0.3999999999999999,0.0,-0.10000000000000009,-0.6999999999999997,1.0,H
2023-12-10,2023/24,Luton,Man City,-220.29006639905447,-0.3999999999999999,-0.7,-1.4000000000000001,-5.3,0.0,A
2023-12-10,2023/24,Everton,Chelsea,-25.227904163932408,0.6000000000000001,0.5,0.2999999999999998,2.6,-0.40000000000000013,H
2023-12-10,2023/24,Fulham,West Ham,-10.047327922161003,-0.8,-0.2999999999999998,0.19999999999999996,0.10000000000000053,0.6000000000000001,H
2023-12-10,2023/24,Tottenham,Newcastle,-26.007967091154114,-1.6,-0.6000000000000001,-1.4999999999999998,-1.5,0.19999999999999996,H
2023-12-15,2023/24,Nott'm Forest,Tottenham,-122.07561475672128,-0.6000000000000001,-0.9000000000000001,-1.0999999999999999,-2.8,-0.6000000000000001,A
2023-12-16,2023/24,Chelsea,Sheffield United,61.83610643039174,0.0,0.7,1.8,3.6000000000000005,0.8,H
2023-12-16,2023/24,Man City,Crystal Palace,211.2120020291834,1.0,0.7,1.4000000000000004,2.9,0.8000000000000003,D
2023-12-16,2023/24,Newcastle,Fulham,72.78561705579705,-0.6000000000000001,0.3999999999999999,-0.19999999999999996,0.0,2.6,H
2023-12-16,2023/24,Burnley,Everton,-80.25787298325713,-1.5999999999999999,-1.2,-1.2,-2.8000000000000003,-1.7999999999999998,A
2023-12-17,2023/24,Arsenal,Brighton,99.19234826264733,0.7999999999999998,1.1,1.8000000000000003,1.3000000000000007,1.8,H
2023-12-17,2023/24,Brentford,Aston Villa,-95.31117232588849,-2.0,-0.9999999999999998,-1.2,-0.7000000000000002,0.19999999999999996,A
2023-12-17,2023/24,West Ham,Wolves,21.79218946916194,0.6000000000000001,-0.10000000000000009,-0.6000000000000001,-0.39999999999999947,0.8,H
2023-12-17,2023/24,Liverpool,Man United,85.10330466220762,0.8,0.30000000000000004,1.1,2.6,0.6000000000000001,D
2023-12-21,2023/24,Crystal Palace,Brighton,-74.32391967368426,-0.9999999999999999,-0.5000000000000001,-0.5999999999999999,-1.9,-0.6000000000000001,D
2023-12-22,2023/24,Aston Villa,Sheffield United,191.57289071563855,2.0,1.5999999999999999,2.5999999999999996,5.000000000000001,2.8,D
2023-12-23,2023/24,Liverpool,Arsenal,0.27869697430219276,-0.19999999999999973,0.0,0.09999999999999987,1.2000000000000006,1.2000000000000002,D
2023-12-23,2023/24,Tottenham,Everton,83.18359423604943,-1.0,-0.6000000000000001,-0.5,0.20000000000000018,-1.2,H
2023-12-23,2023/24,Nott'm Forest,Bournemouth,-37.23471278589386,-2.4,-1.0,-0.8000000000000003,-1.6000000000000005,-1.0,A
2023-12-23,2023/24,Fulham,Burnley,102.86348584913617,1.0,0.9,1.4000000000000001,1.1999999999999993,2.1999999999999997,A
2023-12-23,2023/24,West Ham,Man United,-71.54519718343636,0.6000000000000001,-0.5,-0.5,-0.2999999999999998,-0.3999999999999999,H
2023-12-23,2023/24,Luton,Newcastle,-142.00601333370264,-1.2000000000000002,-1.2,-1.2000000000000002,-2.9,0.4,H
2023-12-24,2023/24,Wolves,Chelsea,-30.88859400456454,-0.3999999999999999,-0.19999999999999996,-0.40000000000000013,0.9000000000000004,0.6000000000000001,H
2023-12-26,2023/24,Newcastle,Nott'm Forest,142.95699005269262,1.0,1.1,1.4999999999999998,1.2999999999999998,2.6,A
2023-12-26,2023/24,Bournemouth,Fulham,3.1343384222288933,1.4000000000000001,0.8999999999999999,0.19999999999999996,2.0,1.2,H
2023-12-26,2023/24,Sheffield United,Luton,-24.04211869511414,-0.3999999999999999,0.0,-0.9000000000000001,-1.1999999999999997,0.3999999999999999,A
2023-12-26,2023/24,Burnley,Liverpool,-242.4689501820303,-0.8000000000000003,-1.5000000000000002,-1.7,-5.9,-1.2000000000000002,A
2023-12-26,2023/24,Man United,Aston Villa,-42.7885130772288,-1.4000000000000001,-0.6999999999999997,-1.1,-2.4000000000000004,0.19999999999999996,H
2023-12-27,2023/24,Brentford,Wolves,24.915285106711508,-0.7999999999999999,-0.19999999999999996,0.20000000000000018,-0.8000000000000003,1.2000000000000002,A
2023-12-27,2023/24,Chelsea,Crystal Palace,20.616632409037948,0.6,0.5000000000000001,0.4999999999999998,0.20000000000000018,0.6000000000000001,H
2023-12-27,2023/24,Everton,Man City,-178.4910279768401,1.2,0.2999999999999998,-0.3999999999999999,-1.2999999999999994,0.6000000000000001,A
2023-12-28,2023/24,Brighton,Tottenham,-41.126197493280415,-1.0,-0.5,-0.4999999999999998,0.20000000000000107,-0.6000000000000001,H
2023-12-28,2023/24,Arsenal,West Ham,139.85656626617651,0.0,0.3999999999999999,1.2,3.3,1.8,A
2023-12-30,2023/24,Wolves,Everton,7.920806614341473,0.19999999999999996,-0.5,-0.3999999999999999,-0.49999999999999956,-0.19999999999999973,H
2023-12-30,2023/24,Nott'm Forest,Man United,-132.18767676647667,-0.5999999999999999,-0.9000000000000001,-0.8000000000000003,-1.3000000000000003,-0.7999999999999999,H
2023-12-30,2023/24,Man City,Sheffield United,254.60763426402127,0.8,1.0999999999999999,2.5999999999999996,7.199999999999999,1.4,H
2023-12-30,2023/24,Aston Villa,Burnley,195.11660651551279,1.2,1.3,0.8999999999999999,2.5,1.8,H
2023-12-30,2023/24,Crystal Palace,Brentford,-28.295348903105833,-0.19999999999999996,-0.6,-0.2999999999999998,-0.7000000000000002,-0.39999999999999997,H
2023-12-30,2023/24,Luton,Chelsea,-32.3853163656097,0.0,-0.19999999999999996,-0.19999999999999996,-1.7999999999999998,0.7999999999999999,A
2023-12-31,2023/24,Fulham,Arsenal,-164.51686866470482,-0.19999999999999996,-0.8999999999999999,-0.8999999999999999,-3.8999999999999995,0.40000000000000013,H
2023-12-31,2023/24,Tottenham,Bournemouth,79.08822006786318,-0.8,-0.9000000000000001,-0.9000000000000004,-1.1999999999999993,-1.2,H
2024-01-01,2023/24,Liverpool,Newcastle,101.2412326753672,1.6,0.9000000000000001,1.5,5.2,2.0,H
2024-01-02,2023/24,West Ham,Brighton,-21.371991364604355,0.7999999999999998,0.5,0.19999999999999996,-3.4000000000000004,1.0,D
2024-01-12,2023/24,Burnley,Luton,-53.46084832621705,-0.3999999999999999,-0.30000000000000004,0.09999999999999987,0.5,-0.20000000000000007,D
2024-01-13,2023/24,Chelsea,Fulham,19.668549462016017,0.6000000000000001,0.40000000000000013,0.10000000000000009,0.0,1.8,H
2024-01-13,2023/24,Newcastle,Man City,-125.89609235136732,-1.4,-0.7,-1.7000000000000002,-5.2,0.3999999999999999,A
2024-01-14,2023/24,Everton,Aston Villa,-129.8384939184548,-0.8,-0.3999999999999999,-0.3999999999999999,0.20000000000000018,0.0,D
2024-01-14,2023/24,Man United,Tottenham,-16.635684458135756,-1.5999999999999999,0.30000000000000004,0.0,-0.9000000000000004,0.40000000000000013,D
2024-01-20,2023/24,Arsenal,Crystal Palace,156.76764209728526,-0.19999999999999996,0.7000000000000001,0.40000000000000013,2.6,1.4,H
2024-01-20,2023/24,Brentford,Nott'm Forest,24.845178252664937,-1.4,-0.09999999999999998,-0.09999999999999987,1.2000000000000002,0.3999999999999999,H
2024-01-21,2023/24,Bournemouth,Liverpool,-174.0591040607776,0.19999999999999973,0.0,-0.3999999999999999,-3.1000000000000005,-0.20000000000000018,A
2024-01-21,2023/24,Sheffield United,West Ham,-113.44109665269116,-1.2,-1.2,-1.5999999999999999,-1.8000000000000003,-0.6000000000000001,D
2024-01-22,2023/24,Brighton,Wolves,55.54208059644611,-0.8,-0.20000000000000018,-0.19999999999999996,1.6999999999999997,1.2000000000000002,D
2024-01-30,2023/24,Nott'm Forest,Arsenal,-183.56439960451462,-0.19999999999999996,-1.2,-1.6999999999999997,-4.6,-0.7999999999999999,A
2024-01-30,2023/24,Fulham,Everton,5.26959771857878,-0.20000000000000007,-0.40000000000000013,0.0,0.09999999999999964,0.5999999999999999,D
2024-01-30,2023/24,Luton,Brighton,-95.50942735659805,0.19999999999999996,-0.2999999999999998,-0.3999999999999999,-5.3,0.19999999999999996,H
2024-01-30,2023/24,Crystal Palace,Sheffield United,48.34504181563693,0.6,0.0,0.3999999999999999,2.8000000000000007,0.4,H
2024-01-30,2023/24,Aston Villa,Newcastle,59.074166711918906,1.0,1.2000000000000002,1.3,3.000000000000001,2.6,A
2024-01-31,2023/24,Man City,Burnley,283.8812139110921,1.8,1.0999999999999999,1.2,5.199999999999999,1.0,H
2024-01-31,2023/24,Tottenham,Brentford,93.51781916225286,1.4,0.4999999999999999,1.1,2.4000000000000004,1.2000000000000002,H
2024-01-31,2023/24,Liverpool,Chelsea,153.89556518609652,-0.19999999999999973,0.7999999999999998,1.5999999999999996,6.2,1.6,H
2024-02-01,2023/24,West Ham,Bournemouth,45.89913160602009,0.40000000000000013,0.20000000000000018,0.30000000000000004,-2.2,-0.19999999999999973,D
2024-02-01,2023/24,Wolves,Man United,-61.75860050500887,1.0,0.30000000000000004,0.5000000000000002,1.5,1.8,A
2024-02-03,2023/24,Sheffield United,Aston Villa,-177.4341687013607,-0.6,-1.3,-1.5999999999999999,-2.8000000000000007,-0.8,A
2024-02-03,2023/24,Newcastle,Luton,90.1769007225605,-1.4,-0.10000000000000009,-0.40000000000000013,-0.7000000000000002,1.0,D
2024-02-03,2023/24,Brighton,Crystal Palace,65.95085156217601,-0.19999999999999996,0.4,0.3999999999999999,2.3,1.4,H
2024-02-03,2023/24,Everton,Tottenham,-110.15370834572104,-1.6,-0.30000000000000004,-0.5999999999999999,-2.2,0.3999999999999999,D
2024-02-03,2023/24,Burnley,Fulham,-80.7763190732519,0.0,-0.5,-0.3999999999999999,-2.1999999999999993,0.8,D
2024-02-04,2023/24,Bournemouth,Nott'm Forest,43.56152385439441,0.19999999999999996,1.3,1.6,3.6999999999999993,1.2,D
2024-02-04,2023/24,Chelsea,Wolves,20.576301030299646,-0.19999999999999996,0.10000000000000009,-0.5999999999999999,-2.3,1.8,A
2024-02-04,2023/24,Man United,West Ham,47.4437010817519,-0.40000000000000013,-0.5,-0.5,1.0,0.0,H
2024-02-04,2023/24,Arsenal,Liverpool,-36.10619846779264,-1.2000000000000002,-0.5,-0.8,-3.3,-0.20000000000000018,H
2024-02-05,2023/24,Brentford,Man City,-204.57598882360662,-2.0,-1.2999999999999998,-1.7,-3.6000000000000005,-0.8,A
2024-02-10,2023/24,Nott'm Forest,Newcastle,-107.12663749762714,0.5999999999999999,-0.19999999999999996,-0.20000000000000018,0.9000000000000008,0.0,A
2024-02-10,2023/24,Wolves,Brentford,26.880808103763457,1.4,1.1,1.4000000000000001,2.1999999999999997,2.0,A
2024-02-10,2023/24,Luton,Sheffield United,65.59624241403867,1.4000000000000001,0.8999999999999999,1.9000000000000001,0.6999999999999993,1.0,A
2024-02-10,2023/24,Tottenham,Brighton,40.65923508543324,0.0,0.5,0.7,-0.5,2.0,H
2024-02-10,2023/24,Fulham,Bournemouth,-3.8529028069383457,0.0,-0.7,-0.40000000000000013,-0.2999999999999998,0.0,H
2024-02-10,2023/24,Man City,Everton,214.1453853380017,2.4,0.6000000000000001,0.7000000000000002,4.400000000000001,0.40000000000000013,H
2024-02-10,2023/24,Liverpool,Burnley,266.29838655146295,2.0,1.4,1.4,7.800000000000001,1.4000000000000001,H
2024-02-11,2023/24,West Ham,Arsenal,-129.5061232857954,-0.6000000000000001,-0.2999999999999998,-0.8,-4.4,0.40000000000000013,A
2024-02-11,2023/24,Aston Villa,Man United,15.320380435923425,-0.6000000000000001,0.40000000000000013,0.7000000000000002,1.2999999999999998,1.2,A
2024-02-12,2023/24,Crystal Palace,Chelsea,-32.71776606122171,-0.6000000000000001,-0.6,-0.6000000000000003,0.7999999999999994,0.7999999999999999,A
2024-02-17,2023/24,Tottenham,Wolves,102.59412811888251,0.8000000000000003,0.30000000000000004,0.2999999999999996,1.0,1.6,A
2024-02-17,2023/24,Brentford,Liverpool,-179.00097799969535,-1.2,-1.4,-2.0,-6.499999999999999,-1.2,A
2024-02-17,2023/24,Burnley,Arsenal,-259.49626455784755,-2.0,-1.2999999999999998,-2.0999999999999996,-7.200000000000001,-0.3999999999999999,A
2024-02-17,2023/24,Fulham,Aston Villa,-95.96761925150918,0.20000000000000018,-0.30000000000000004,-0.10000000000000009,-0.7000000000000002,0.3999999999999999,A
2024-02-17,2023/24,Newcastle,Bournemouth,86.40581920553473,0.9999999999999999,-0.5,-0.7,-2.299999999999999,0.0,D
2024-02-17,2023/24,Nott'm Forest,West Ham,-74.27479211119453,0.20000000000000007,-0.7,-0.20000000000000018,1.0000000000000004,-0.7999999999999999,H
2024-02-17,2023/24,Man City,Chelsea,186.44026630950225,1.2,0.7999999999999998,1.2999999999999998,4.9,1.0000000000000002,D
2024-02-18,2023/24,Luton,Man United,-135.60354488168286,-1.0,-0.5999999999999999,-0.19999999999999996,-0.2999999999999998,-0.19999999999999996,A
2024-02-18,2023/24,Sheffield United,Brighton,-120.8759159647027,-0.19999999999999996,-0.5,-0.9000000000000001,-3.2,0.4,A
2024-02-19,2023/24,Everton,Crystal Palace,19.737372835458245,-0.6,0.3999999999999999,1.0,-0.10000000000000009,1.2000000000000002,D
2024-02-20,2023/24,Man City,Brentford,208.27465724863555,1.4000000000000001,1.6999999999999997,2.2,5.6,1.6,H
2024-02-21,2023/24,Liverpool,Luton,226.21804042928193,1.4,1.1999999999999997,1.5,5.3,1.2000000000000002,H
2024-02-24,2023/24,Aston Villa,Nott'm Forest,145.49280265107723,0.5999999999999999,0.5999999999999999,0.5999999999999999,2.2000000000000006,0.3999999999999999,H
2024-02-24,2023/24,Brighton,Everton,73.38845712647253,0.5999999999999999,0.30000000000000004,0.7000000000000001,3.0999999999999996,1.4000000000000001,D
2024-02-24,2023/24,Crystal Palace,Burnley,66.6208755717314,0.4,0.30000000000000004,0.30000000000000027,3.3000000000000007,0.5999999999999999,H
2024-02-24,2023/24,Man United,Fulham,121.74247185322588,1.6,0.5999999999999999,0.2999999999999998,-1.3999999999999995,1.8,A
2024-02-24,2023/24,Bournemouth,Man City,-216.02127112914218,-2.0,-1.1,-1.2000000000000004,-5.500000000000001,-0.7999999999999998,A
2024-02-24,2023/24,Arsenal,Newcastle,104.19869316538438,1.4,0.7999999999999998,1.9999999999999998,6.4,1.2,H
2024-02-25,2023/24,Wolves,Sheffield United,95.93472015214797,0.5999999999999999,0.8999999999999999,1.6999999999999997,3.0999999999999996,0.5999999999999999,H
2024-02-26,2023/24,West Ham,Brentford,21.14840079824353,-0.19999999999999996,0.6,0.19999999999999996,-0.6000000000000001,1.0,H
2024-03-02,2023/24,Luton,Aston Villa,-151.4001646792883,-1.0,-0.5999999999999999,-0.8000000000000003,-3.1000000000000005,-0.8,A
2024-03-02,2023/24,Tottenham,Crystal Palace,114.49636297979055,0.20000000000000018,0.8,1.1999999999999997,1.7999999999999998,2.0,H
2024-03-02,2023/24,Newcastle,Wolves,39.777871056506,-0.19999999999999996,-0.7999999999999998,-0.7999999999999998,-2.8999999999999995,-1.0,H
2024-03-02,2023/24,Nott'm Forest,Liverpool,-236.1491657887516,-1.5999999999999999,-1.2999999999999998,-2.0,-6.700000000000001,-1.2,A
2024-03-02,2023/24,Everton,West Ham,-30.54143397169082,0.0,-0.7,-0.3999999999999997,1.0999999999999996,0.3999999999999999,A
2024-03-02,2023/24,Brentford,Chelsea,-45.26340572637787,-0.7999999999999999,-1.0,-1.1000000000000003,-1.700000000000001,-0.7999999999999999,D
2024-03-02,2023/24,Fulham,Brighton,-50.295144876139375,0.20000000000000018,-0.19999999999999996,-0.9000000000000001,-1.0999999999999996,0.3999999999999999,H
2024-03-03,2023/24,Burnley,Bournemouth,-87.20515376813296,-0.39999999999999997,-0.7,-1.3,-3.0999999999999996,-0.6,A
2024-03-03,2023/24,Man City,Man United,114.87496343051998,0.20000000000000018,0.9000000000000001,1.0,4.7,0.8,H
2024-03-04,2023/24,Sheffield United,Arsenal,-262.6867927358219,-2.4,-1.7000000000000002,-3.5999999999999996,-6.1000000000000005,-1.2,A
2024-03-09,2023/24,Man United,Everton,113.40504783404617,1.2000000000000002,1.1,1.0999999999999999,1.7000000000000002,0.9999999999999999,H
2024-03-09,2023/24,Bournemouth,Sheffield United,82.62598388936294,0.4,0.7,1.5999999999999999,1.1,0.19999999999999996,D
2024-03-09,2023/24,Crystal Palace,Luton,21.52335923625151,0.6000000000000001,0.0,-0.5,0.8000000000000007,1.0,D
2024-03-09,2023/24,Wolves,Fulham,1.3493246587261183,-0.19999999999999996,0.5,0.5,-0.5000000000000009,1.0,H
2024-03-09,2023/24,Arsenal,Brentford,200.40791185258217,2.2,1.5000000000000002,3.6,6.6,1.7999999999999998,H
2024-03-10,2023/24,West Ham,Burnley,142.62285294984167,1.0,1.0,1.2,-0.39999999999999947,1.0,D
2024-03-10,2023/24,Aston Villa,Tottenham,19.514685684911456,0.3999999999999999,-0.30000000000000004,0.0,1.0999999999999996,0.19999999999999996,A
2024-03-10,2023/24,Brighton,Nott'm Forest,96.97810036714236,0.5999999999999999,0.30000000000000004,0.40000000000000013,2.5000000000000004,0.8,H
2024-03-10,2023/24,Liverpool,Man City,-21.974970226330242,-0.20000000000000018,-0.2999999999999998,0.2999999999999996,0.40000000000000036,-0.3999999999999999,D
2024-03-11,2023/24,Chelsea,Newcastle,-41.35976409007321,-0.6000000000000001,0.5999999999999999,0.3999999999999999,2.1000000000000005,1.2,H
2024-03-13,2023/24,Bournemouth,Luton,37.476523941859114,0.8,0.09999999999999998,-0.10000000000000009,0.39999999999999947,-0.19999999999999996,H
2024-03-16,2023/24,Burnley,Brentford,-85.8915915090688,0.0,-0.39999999999999997,-0.8000000000000003,-0.7000000000000002,-0.19999999999999996,H
2024-03-16,2023/24,Luton,Nott'm Forest,2.1740224262248375,-0.39999999999999997,-0.4,-0.30000000000000004,-1.9000000000000004,-0.20000000000000007,D
2024-03-16,2023/24,Fulham,Tottenham,-102.48898054449296,-0.19999999999999996,-0.6000000000000001,-0.7,0.0,0.3999999999999999,H
2024-03-17,2023/24,West Ham,Aston Villa,-78.6067740710364,-0.40000000000000013,-0.30000000000000004,-0.7000000000000002,-5.300000000000001,-0.8,D
2024-03-30,2023/24,Newcastle,West Ham,34.89175778600065,-0.20000000000000018,0.0,0.3999999999999997,0.6999999999999993,-0.3999999999999999,H
2024-03-30,2023/24,Bournemouth,Everton,24.01520895445583,1.2000000000000002,0.5,0.5,1.4000000000000004,0.6,H
2024-03-30,2023/24,Chelsea,Burnley,134.37436653081863,0.8,1.1,1.4,1.5000000000000004,2.1999999999999997,D
2024-03-30,2023/24,Nott'm Forest,Crystal Palace,-24.583905598778983,-0.19999999999999996,-0.30000000000000004,0.30000000000000027,0.0,1.0,D
2024-03-30,2023/24,Sheffield United,Fulham,-102.78657942858081,-1.0,-1.2,-2.5999999999999996,-3.6000000000000005,-0.6000000000000001,D
2024-03-30,2023/24,Tottenham,Luton,154.506899522833,1.4,1.0,0.8,2.8,1.7999999999999998,H
2024-03-30,2023/24,Aston Villa,Wolves,79.1156480271859,0.19999999999999996,-0.19999999999999996,-0.19999999999999996,1.7999999999999998,-0.8,H
2024-03-30,2023/24,Brentford,Man United,-128.78306930205235,-1.6,-1.2,-1.2999999999999998,-2.5999999999999996,-1.0,D
2024-03-31,2023/24,Man City,Arsenal,31.612997878502256,-0.7999999999999998,0.20000000000000018,-1.2999999999999996,-0.7000000000000002,0.20000000000000018,D
2024-03-31,2023/24,Liverpool,Brighton,142.9628406340637,1.2000000000000002,1.0,1.4999999999999998,3.3,1.8,H
2024-04-02,2023/24,Newcastle,Everton,102.75865993687307,0.9999999999999999,0.8999999999999999,1.0,-0.7999999999999994,1.2000000000000002,D
2024-04-02,2023/24,Nott'm Forest,Fulham,-72.87491227173018,-1.6,-0.9,-1.1,-0.8000000000000003,-0.19999999999999996,H
2024-04-02,2023/24,Bournemouth,Crystal Palace,34.43958685825373,0.8,0.10000000000000009,0.30000000000000004,-0.3000000000000007,1.2000000000000002,H
2024-04-02,2023/24,Burnley,Wolves,-109.06266622398493,-0.8,-0.9000000000000001,-1.2999999999999998,-1.9000000000000004,-0.3999999999999999,D
2024-04-02,2023/24,West Ham,Tottenham,-83.68072567123863,-0.19999999999999996,-1.0,-1.5,-4.800000000000001,0.19999999999999996,D
2024-04-03,2023/24,Arsenal,Luton,250.69609487251773,2.2,1.9,3.3,6.200000000000001,2.0,H
2024-04-03,2023/24,Brentford,Brighton,-76.25221749767161,-0.9999999999999999,-0.7,-0.9000000000000001,-2.999999999999999,0.4,D
2024-04-03,2023/24,Man City,Aston Villa,106.24600580436027,0.20000000000000018,0.7,0.7000000000000002,2.0,0.0,H
2024-04-04,2023/24,Liverpool,Sheffield United,282.9223881579519,2.2,1.9,3.5,7.700000000000001,1.8,H
2024-04-04,2023/24,Chelsea,Man United,-61.93406174152756,0.40000000000000013,0.10000000000000009,-0.2999999999999998,0.1999999999999993,0.0,H
2024-04-06,2023/24,Brighton,Arsenal,-146.1580053358348,-1.6,-1.5999999999999999,-3.1,-4.3,-0.3999999999999999,A
2024-04-06,2023/24,Wolves,West Ham,-2.524588792387476,0.19999999999999996,0.3999999999999999,0.4999999999999998,1.8000000000000007,1.0,A
2024-04-06,2023/24,Luton,Bournemouth,-76.12540216112711,-2.2,-1.3,-1.3000000000000003,-3.4,-0.19999999999999996,H
2024-04-06,2023/24,Everton,Burnley,59.27316892850581,-0.7999999999999999,-0.09999999999999998,0.5999999999999999,0.8999999999999995,0.19999999999999996,H
2024-04-06,2023/24,Fulham,Newcastle,-57.6687864579892,0.0,0.0,0.2999999999999998,2.0999999999999996,0.8,A
2024-04-06,2023/24,Aston Villa,Brentford,133.27285566884416,0.7999999999999999,1.0,0.8999999999999999,3.4000000000000012,0.6,D
2024-04-06,2023/24,Crystal Palace,Man City,-258.57693365433283,-1.2000000000000002,-1.5,-2.2,-4.6,-0.6000000000000001,A
2024-04-07,2023/24,Man United,Liverpool,-116.32150033725247,-1.8,-0.8,-1.3,-4.6000000000000005,-0.3999999999999999,D
2024-04-07,2023/24,Sheffield United,Chelsea,-129.65646886818308,-1.4,-1.2000000000000002,-1.9000000000000001,-4.499999999999999,-1.2000000000000002,D
2024-04-07,2023/24,Tottenham,Nott'm Forest,147.6113719777593,1.0,0.9,0.7,0.2999999999999994,2.0,H
2024-04-13,2023/24,Newcastle,Tottenham,-32.38831249981081,0.0,-0.19999999999999996,-0.30000000000000027,-1.1000000000000005,0.6000000000000001,H
2024-04-13,2023/24,Brentford,Sheffield United,60.20148601497135,0.0,0.09999999999999998,1.2000000000000002,1.7999999999999998,-0.20000000000000007,H
2024-04-13,2023/24,Burnley,Brighton,-134.79045624705827,0.3999999999999999,-0.40000000000000013,-0.9000000000000001,-2.0,0.19999999999999996,D
2024-04-13,2023/24,Man City,Luton,279.94031771467235,1.4000000000000001,1.9,2.3,6.4,2.0,H
2024-04-13,2023/24,Nott'm Forest,Wolves,-55.774709918125154,0.19999999999999996,-0.4,0.10000000000000009,1.9000000000000004,0.0,D
2024-04-13,2023/24,Bournemouth,Man United,-85.24778908450935,1.0,-0.19999999999999996,-0.30000000000000004,0.20000000000000018,0.6000000000000001,D
2024-04-14,2023/24,Arsenal,Aston Villa,100.8244330796656,1.6,1.0999999999999999,2.5999999999999996,4.6,1.0,A
2024-04-14,2023/24,Liverpool,Crystal Palace,241.85975932841188,1.8000000000000003,1.4,1.9000000000000001,4.5,2.2,A
2024-04-14,2023/24,West Ham,Fulham,34.864044602860986,0.3999999999999999,-0.19999999999999996,-1.0999999999999996,-4.4,0.19999999999999996,A
2024-04-15,2023/24,Chelsea,Everton,64.92831720610297,1.0,0.8,0.5999999999999999,1.0999999999999996,1.6,H
2024-04-20,2023/24,Luton,Brentford,-38.68753079573071,-0.3999999999999999,-0.19999999999999996,-0.6000000000000001,-2.0999999999999996,0.6000000000000001,A
2024-04-20,2023/24,Sheffield United,Burnley,3.101510097525079,-0.6,-0.09999999999999998,-0.6999999999999997,-1.4000000000000004,0.0,A
2024-04-20,2023/24,Wolves,Arsenal,-180.32855608562159,-1.0,-1.1,-2.9000000000000004,-6.700000000000001,-1.4000000000000001,A
2024-04-21,2023/24,Everton,Nott'm Forest,20.696027595348824,-0.3999999999999999,-0.20000000000000007,-0.8999999999999999,-2.3000000000000007,0.7999999999999999,H
2024-04-21,2023/24,Aston Villa,Bournemouth,111.1090096799669,-0.3999999999999999,0.19999999999999996,-0.09999999999999987,-0.5999999999999996,0.3999999999999999,H
2024-04-21,2023/24,Crystal Palace,West Ham,-43.19546521763755,0.0,-0.29999999999999993,0.0,2.8,0.19999999999999996,H
2024-04-21,2023/24,Fulham,Liverpool,-174.1837957283617,-0.20000000000000018,-0.3999999999999999,-0.30000000000000027,-1.299999999999999,-0.19999999999999996,A
2024-04-23,2023/24,Arsenal,Chelsea,144.28768838667202,-0.20000000000000018,0.8999999999999999,2.1,4.000000000000001,1.2,H
2024-04-24,2023/24,Man United,Sheffield United,188.85090996899885,0.7999999999999999,0.9,1.9999999999999998,2.200000000000001,0.8,H
2024-04-24,2023/24,Everton,Liverpool,-212.09653212951366,-0.6000000000000001,-1.4,-2.3,-4.499999999999999,-0.3999999999999999,H
2024-04-24,2023/24,Wolves,Bournemouth,1.7254367737170924,-0.9999999999999999,-0.3999999999999999,-0.7999999999999999,-2.9,0.3999999999999999,A
2024-04-24,2023/24,Crystal Palace,Newcastle,-98.48915684300277,-0.6000000000000001,-0.6000000000000001,-0.6000000000000001,-0.5999999999999996,-0.40000000000000013,H
2024-04-25,2023/24,Brighton,Man City,-192.30174595934386,-1.2000000000000002,-1.2,-1.4000000000000004,-3.2,-1.0,A
2024-04-27,2023/24,West Ham,Liverpool,-166.8745093294142,-0.5999999999999999,-0.8,-1.2,-6.199999999999999,-0.8,D
2024-04-27,2023/24,Fulham,Crystal Palace,6.2135067131218875,-1.0,-0.19999999999999996,-0.19999999999999996,0.5999999999999996,0.19999999999999996,D
2024-04-27,2023/24,Man United,Burnley,172.21361084771388,0.0,0.5,0.8999999999999999,1.7999999999999998,1.0,D
2024-04-27,2023/24,Newcastle,Sheffield United,178.5885434592335,1.8,1.4,2.5,3.799999999999999,2.0,H
2024-04-27,2023/24,Wolves,Luton,53.54125127607813,-0.19999999999999996,0.6000000000000001,0.8999999999999998,1.4,1.0,H
2024-04-27,2023/24,Everton,Brentford,-1.4303417079058818,0.19999999999999996,0.19999999999999996,-0.7,-0.39999999999999947,1.2,H
2024-04-27,2023/24,Aston Villa,Chelsea,75.59680687708214,0.3999999999999999,0.3999999999999999,2.220446049250313e-16,-2.3,0.8,D
2024-04-28,2023/24,Nott'm Forest,Man City,-293.6393070310771,-1.6,-1.5,-2.1,-3.1,-1.0,A
2024-04-28,2023/24,Bournemouth,Brighton,-21.505421678263247,0.9999999999999999,0.7999999999999999,0.8000000000000003,0.2999999999999998,1.2000000000000002,H
2024-04-28,2023/24,Tottenham,Arsenal,-99.91090838252671,-1.0,-0.8,-2.3,-4.3999999999999995,-0.20000000000000018,A
2024-05-02,2023/24,Chelsea,Tottenham,-41.235545715882836,0.20000000000000018,0.09999999999999987,0.3999999999999999,1.1000000000000005,1.0,H
2024-05-03,2023/24,Luton,Everton,-73.65610904055211,-1.7999999999999998,-0.8999999999999999,-0.8,-1.2000000000000006,0.4,D
2024-05-04,2023/24,Man City,Wolves,245.6204583363026,2.2,1.5,2.5,7.199999999999999,1.6,H
2024-05-04,2023/24,Arsenal,Bournemouth,188.30873877129284,1.0,0.5,1.5000000000000002,3.0,1.0,H
2024-05-04,2023/24,Brentford,Fulham,-15.157540714249308,0.8,-0.3999999999999999,-0.20000000000000018,0.0,-0.19999999999999996,D
2024-05-04,2023/24,Burnley,Newcastle,-152.4451796788842,-0.8,-0.5999999999999999,-0.8999999999999997,-1.5999999999999996,-0.19999999999999996,A
2024-05-04,2023/24,Sheffield United,Nott'm Forest,-48.03544465818686,-0.6000000000000001,-0.3,-1.2,-3.4000000000000012,0.2,A
2024-05-05,2023/24,Chelsea,West Ham,44.68751732826513,0.6000000000000001,0.3999999999999999,0.6000000000000001,4.5,1.4000000000000001,H
2024-05-05,2023/24,Liverpool,Tottenham,93.90710909781501,0.19999999999999996,0.5,0.8,2.7,1.2,H
2024-05-05,2023/24,Brighton,Aston Villa,-93.9021567746704,-1.2000000000000002,-0.9,-1.0,1.2000000000000002,-0.6000000000000001,H
2024-05-06,2023/24,Crystal Palace,Man United,-86.53123478702491,0.8,0.19999999999999996,0.30000000000000004,-0.10000000000000053,1.0,H
2024-05-11,2023/24,Wolves,Crystal Palace,-17.607808850625133,-1.8,-0.7,-1.6,-4.2,0.19999999999999996,A
2024-05-11,2023/24,Nott'm Forest,Chelsea,-115.77137512024706,-1.2,-0.9999999999999999,-1.3999999999999997,-2.3,0.19999999999999996,A
2024-05-11,2023/24,Tottenham,Burnley,156.72622757861882,-0.4,0.19999999999999996,-0.09999999999999987,1.2000000000000002,0.6000000000000001,H
2024-05-11,2023/24,West Ham,Luton,77.82715443865618,0.0,0.4,0.40000000000000013,-1.8000000000000003,0.8,H
2024-05-11,2023/24,Everton,Sheffield United,120.70132506193636,2.0,1.0999999999999999,1.5999999999999996,2.0999999999999996,2.1999999999999997,H
2024-05-11,2023/24,Newcastle,Brighton,51.22039743481173,1.5999999999999999,0.9999999999999999,2.2,0.7000000000000002,2.2,D
2024-05-11,2023/24,Bournemouth,Brentford,30.06547222100403,-0.20000000000000018,0.5999999999999999,-0.20000000000000018,0.6999999999999993,1.8,A
2024-05-11,2023/24,Fulham,Man City,-240.91897071643257,-2.0,-1.4000000000000001,-2.0,-3.8,-1.2000000000000002,A
2024-05-12,2023/24,Man United,Arsenal,-136.3392820839806,-1.2,-1.5,-2.5,-5.300000000000001,-1.0,A
2024-05-13,2023/24,Aston Villa,Liverpool,-74.32900201727102,0.20000000000000018,-0.30000000000000004,-0.6000000000000001,-4.299999999999999,0.0,D
2024-05-14,2023/24,Tottenham,Man City,-170.08331669384506,-2.4,-1.3,-2.9,-5.7,-0.20000000000000018,A
2024-05-15,2023/24,Brighton,Chelsea,-36.61223366010927,-1.0,-1.2000000000000002,-2.3,-3.4000000000000012,0.19999999999999996,A
2024-05-15,2023/24,Man United,Newcastle,-14.813388163982836,-1.0,-1.0,-1.7,-3.1000000000000005,0.40000000000000013,H
2024-05-19,2023/24,Sheffield United,Tottenham,-196.6473616887397,-0.6,-0.7,-0.5999999999999996,-2.0,0.2,A
2024-05-19,2023/24,Man City,West Ham,243.48854997493459,2.2,1.6,3.3,7.199999999999999,1.4000000000000001,H
2024-05-19,2023/24,Luton,Fulham,-75.4860531862762,-0.8,-0.4,-0.9000000000000001,-2.7,0.0,A
2024-05-19,2023/24,Liverpool,Wolves,198.5541060753485,1.0,0.8,1.4,5.299999999999999,1.6,H
2024-05-19,2023/24,Crystal Palace,Aston Villa,-85.0134191349614,1.0,0.5,1.0999999999999999,3.200000000000001,0.6000000000000001,H
2024-05-19,2023/24,Chelsea,Bournemouth,81.46518221055862,1.4000000000000001,0.5,1.0999999999999999,2.0,1.4000000000000001,H
2024-05-19,2023/24,Burnley,Nott'm Forest,-27.607896198581557,0.19999999999999996,0.20000000000000007,0.2999999999999998,-2.9000000000000004,0.19999999999999996,A
2024-05-19,2023/24,Brighton,Man United,-49.59358398390373,-0.5999999999999999,-0.4,-0.9000000000000001,-0.2999999999999998,0.7999999999999999,A
2024-05-19,2023/24,Brentford,Newcastle,-75.4962076522595,0.6000000000000001,-0.3999999999999999,-0.5,-0.6999999999999997,0.19999999999999996,A
2024-05-19,2023/24,Arsenal,Everton,212.59687012800623,0.3999999999999999,0.8,1.8,5.1000000000000005,2.0,H
2024-08-16,2024/25,Man United,Fulham,63.09567540545231,0.3999999999999999,0.10000000000000009,0.10000000000000009,-0.8000000000000007,0.0,H
2024-08-17,2024/25,Arsenal,Wolves,196.10849389638383,2.4,2.0,2.9000000000000004,7.5,2.0,H
2024-08-17,2024/25,Everton,Brighton,-10.27437796423078,1.2,1.1,1.2000000000000002,-0.2999999999999998,2.4,A
2024-08-17,2024/25,Newcastle,Southampton,137.0711489656694,1.8,1.8,2.6000000000000005,3.3000000000000003,2.0,H
2024-08-17,2024/25,Nott'm Forest,Bournemouth,-35.78096558805464,0.0,-0.10000000000000009,0.0,0.6000000000000005,0.4,D
2024-08-17,2024/25,West Ham,Aston Villa,-68.74174078131978,-0.19999999999999996,-0.4,-0.7,-0.8000000000000003,0.3999999999999999,A
2024-08-18,2024/25,Brentford,Crystal Palace,-34.965734437821766,-1.2000000000000002,-0.7,-1.0999999999999999,-0.7000000000000011,-0.40000000000000013,H
2024-08-18,2024/25,Chelsea,Man City,-134.90297211935717,0.0,-0.5,-1.5,-3.499999999999999,0.0,A
2024-08-19,2024/25,Leicester,Tottenham,-92.48858717775465,-0.19999999999999996,-0.4,-0.30000000000000004,-0.5,0.5999999999999999,D
2024-08-24,2024/25,Brighton,Man United,-51.33061593655498,-0.40000000000000013,-0.6,-0.9000000000000001,0.40000000000000036,-0.4,H
2024-08-24,2024/25,Crystal Palace,West Ham,18.348675160483708,1.2,1.0999999999999999,2.4,5.1000000000000005,1.7999999999999998,A
2024-08-24,2024/25,Fulham,Leicester,28.1257446927616,0.0,-0.09999999999999998,0.0,0.0,0.4,H
2024-08-24,2024/25,Southampton,Nott'm Forest,-36.504440480326366,-1.2,-1.0,-1.2000000000000002,-1.8999999999999995,-1.2,A
2024-08-24,2024/25,Tottenham,Everton,70.65408191325741,0.0,-0.5999999999999999,-0.19999999999999996,2.2000000000000006,1.4,H
2024-08-24,2024/25,Aston Villa,Arsenal,-95.67459303496207,-2.0,-1.2000000000000002,-1.9999999999999998,-6.9,-0.8,A
2024-08-25,2024/25,Bournemouth,Newcastle,-73.12759640575541,-1.2,-0.8999999999999999,-1.4999999999999998,-1.7000000000000002,0.19999999999999996,D
2024-08-25,2024/25,Wolves,Chelsea,-86.15594463835077,-1.7999999999999998,-1.5,-2.2,-5.1,-1.0,A
2024-08-25,2024/25,Liverpool,Brentford,154.80169871554995,0.8000000000000003,0.19999999999999996,0.20000000000000018,2.9000000000000012,1.0,H
2024-08-31,2024/25,West Ham,Man City,-208.45031329534822,-1.8,-1.9,-3.7,-8.5,-2.0,A
2024-08-31,2024/25,Nott'm Forest,Wolves,2.4846759101803855,2.0,0.9999999999999999,1.6,4.900000000000001,0.6,D
2024-08-31,2024/25,Leicester,Aston Villa,-113.57441053706407,0.19999999999999996,-0.19999999999999996,2.220446049250313e-16,2.5999999999999996,0.40000000000000013,A
2024-08-31,2024/25,Everton,Bournemouth,-13.697916330558883,0.4,0.7000000000000001,-0.29999999999999993,-0.8999999999999999,1.5999999999999999,A
2024-08-31,2024/25,Brentford,Southampton,81.70922127419817,1.2,1.3,1.5,1.0999999999999996,1.4000000000000001,H
2024-08-31,2024/25,Arsenal,Brighton,156.84832738057867,1.6,1.6,2.5999999999999996,4.4,1.2,D
2024-09-01,2024/25,Chelsea,Crystal Palace,69.6264597043953,0.5999999999999999,0.30000000000000027,0.09999999999999987,0.2999999999999998,1.0,D
2024-09-01,2024/25,Newcastle,Tottenham,2.60159592023615,-0.3999999999999999,0.7,1.2999999999999998,-0.20000000000000018,1.4000000000000001,H
2024-09-01,2024/25,Man United,Liverpool,-93.37570724389775,-0.8,-0.30000000000000004,-0.7,-3.5999999999999988,0.3999999999999999,A
2024-09-14,2024/25,Southampton,Man United,-149.22810221618647,-1.6,-1.2,-0.8999999999999999,-1.4999999999999996,-0.6000000000000001,A
2024-09-14,2024/25,Crystal Palace,Leicester,52.480726699674506,0.3999999999999999,1.0,1.9,2.499999999999999,2.0,D
2024-09-14,2024/25,Fulham,West Ham,4.184544493698013,0.19999999999999996,0.19999999999999996,0.7000000000000002,2.8000000000000007,-0.3999999999999999,D
2024-09-14,2024/25,Liverpool,Nott'm Forest,198.47949570768037,1.0,0.8,1.3,1.8999999999999995,0.5999999999999999,A
2024-09-14,2024/25,Man City,Brentford,223.0607210597575,1.2,1.3,2.4,5.3,1.6,H
2024-09-14,2024/25,Aston Villa,Everton,112.29031078470302,0.7999999999999999,0.19999999999999996,0.7,4.440892098500626e-16,0.7999999999999999,H
2024-09-14,2024/25,Bournemouth,Chelsea,-60.40133704576988,-1.0,-0.8,-0.8999999999999999,-2.0999999999999996,-0.3999999999999999,A
2024-09-15,2024/25,Tottenham,Arsenal,-125.33233992854662,-1.2000000000000002,-1.5,-1.9,-2.400000000000001,-1.2,A
2024-09-15,2024/25,Wolves,Newcastle,-108.1703724223155,-1.8,-1.5,-2.8,-4.699999999999999,-0.7999999999999999,A
2024-09-21,2024/25,Crystal Palace,Man United,-59.74661871365629,-0.8,0.19999999999999996,1.2999999999999998,1.0,0.6000000000000001,D
2024-09-21,2024/25,Liverpool,Bournemouth,152.1731389428403,1.4,0.8999999999999999,1.3,3.6000000000000005,0.40000000000000013,H
2024-09-21,2024/25,Tottenham,Brentford,53.5776028836101,0.19999999999999996,-0.6000000000000001,-0.5,1.5000000000000009,0.0,H
2024-09-21,2024/25,Fulham,Newcastle,-81.0705618731929,-1.0,-0.7,-1.1,-0.8000000000000007,-1.0,H
2024-09-21,2024/25,West Ham,Chelsea,-74.10438338406448,-1.2,-1.4999999999999998,-2.3999999999999995,-5.7,-1.8,A
2024-09-21,2024/25,Leicester,Everton,-9.684222467610653,1.0,-0.5,-0.19999999999999973,0.6999999999999997,0.8,D
2024-09-21,2024/25,Aston Villa,Wolves,128.88178194772854,1.6,1.2999999999999998,1.5999999999999999,2.3000000000000007,1.2000000000000002,H
2024-09-22,2024/25,Brighton,Nott'm Forest,50.68874372977052,-0.6000000000000001,-0.30000000000000004,-0.4999999999999999,-1.5000000000000004,-1.0,D
2024-09-22,2024/25,Man City,Arsenal,34.424247626551505,0.3999999999999999,0.20000000000000018,0.7999999999999998,1.4000000000000004,0.0,D
2024-09-28,2024/25,Newcastle,Man City,-148.19217018143058,-0.6000000000000001,-0.7999999999999998,-1.3000000000000003,-5.2,-0.3999999999999999,D
2024-09-28,2024/25,Arsenal,Leicester,239.23613057146667,1.6,1.8,2.2,3.5,2.0,H
2024-09-28,2024/25,Brentford,West Ham,-5.024431375548602,0.3999999999999999,0.5,1.2,2.1999999999999997,1.2,D
2024-09-28,2024/25,Chelsea,Brighton,56.04172750079033,0.19999999999999996,1.2,1.7,1.9000000000000004,0.8,H
2024-09-28,2024/25,Everton,Crystal Palace,-35.09325228768921,-0.39999999999999997,-0.5,-1.5999999999999996,-2.8,0.19999999999999996,H
2024-09-28,2024/25,Nott'm Forest,Fulham,-28.004200600488957,0.19999999999999996,0.19999999999999996,0.19999999999999996,1.1000000000000005,-1.0,A
2024-09-28,2024/25,Wolves,Liverpool,-199.3090655497897,-2.1999999999999997,-1.6,-2.8000000000000003,-7.0,-1.0,A
2024-09-29,2024/25,Ipswich,Aston Villa,-93.82223238082884,-1.7999999999999998,-1.1,-0.9000000000000001,-0.6000000000000001,-1.3,D
2024-09-29,2024/25,Man United,Tottenham,5.604199074556391,0.0,0.09999999999999987,-0.40000000000000013,-1.9999999999999991,0.5999999999999999,A
2024-09-30,2024/25,Bournemouth,Southampton,93.88747503582226,0.8,0.9000000000000001,1.0,1.1999999999999993,1.0,H
2024-10-05,2024/25,Crystal Palace,Liverpool,-167.44262553021144,-1.7999999999999998,-0.9999999999999998,-0.7,-3.0999999999999996,-0.6000000000000001,A
2024-10-05,2024/25,Arsenal,Southampton,303.6550067154485,2.0,2.4,2.7,4.9,2.6,H
2024-10-05,2024/25,Brentford,Wolves,38.860177964029845,0.6000000000000001,0.7000000000000001,1.3,2.2,1.4000000000000001,H
2024-10-05,2024/25,Leicester,Bournemouth,-47.20906177353481,-0.9999999999999999,-0.40000000000000013,-0.5,-1.5,0.19999999999999996,H
2024-10-05,2024/25,Man City,Fulham,194.64775389946135,0.0,1.0,1.8999999999999997,5.3,1.0,H
2024-10-05,2024/25,West Ham,Ipswich,-5.284278096001344,0.19999999999999996,0.2333333333333334,-0.06666666666666676,-0.8333333333333335,0.13333333333333341,H
2024-10-05,2024/25,Everton,Newcastle,-100.80301966622119,-0.8,-0.7,-1.2,-1.6,0.40000000000000013,D
2024-10-06,2024/25,Aston Villa,Man United,42.758364645247866,1.2,0.19999999999999996,0.19999999999999996,-0.39999999999999947,0.20000000000000018,D
2024-10-06,2024/25,Chelsea,Nott'm Forest,118.26314238029886,1.0,1.0,1.5,1.1999999999999997,-0.6000000000000001,D
2024-10-06,2024/25,Brighton,Tottenham,-43.63234184639032,-0.6000000000000001,-0.30000000000000004,-0.7,-2.9000000000000004,-0.3999999999999999,H
2024-10-19,2024/25,Bournemouth,Arsenal,-209.91570996349742,-1.0000000000000002,-1.8,-2.1,-4.3,-1.2000000000000002,H
2024-10-19,2024/25,Southampton,Leicester,-70.18399132870377,-0.8,-0.8,-1.0,-0.20000000000000018,0.0,A
2024-10-19,2024/25,Newcastle,Brighton,41.90505595284367,0.40000000000000013,0.30000000000000004,0.19999999999999996,-0.5,1.2000000000000002,A
2024-10-19,2024/25,Man United,Brentford,58.21557650979389,-0.3999999999999999,0.0,0.0,1.0,0.6,H
2024-10-19,2024/25,Fulham,Aston Villa,-67.96249412546308,-0.6000000000000001,0.0,0.30000000000000004,1.3000000000000007,0.20000000000000018,A
2024-10-19,2024/25,Tottenham,West Ham,54.56804334757999,0.19999999999999996,0.5,1.4,4.8,0.8,H
2024-10-19,2024/25,Ipswich,Everton,14.973877682686634,-0.19999999999999996,-0.3285714285714286,-0.34285714285714275,-0.9714285714285715,0.2666666666666666,A
2024-10-20,2024/25,Wolves,Man City,-282.7315474036179,-2.0,-2.5,-3.7,-8.2,-2.0,A
2024-10-20,2024/25,Liverpool,Chelsea,77.89382117149012,0.19999999999999973,0.20000000000000018,0.40000000000000036,3.3,-0.6000000000000001,H
2024-10-21,2024/25,Nott'm Forest,Crystal Palace,-5.262464898321923,0.6,0.40000000000000013,-0.30000000000000004,0.30000000000000027,-0.6,H
2024-10-25,2024/25,Leicester,Nott'm Forest,-18.23382227268212,0.0,-0.30000000000000004,-0.30000000000000004,-4.1000000000000005,-0.6000000000000001,A
2024-10-26,2024/25,Aston Villa,Bournemouth,96.59197881865907,1.0000000000000002,0.7,0.19999999999999996,-0.10000000000000009,0.8,D
2024-10-26,2024/25,Brentford,Ipswich,7.621858778207525,0.20000000000000007,0.8,1.05,1.4000000000000004,1.5,H
2024-10-26,2024/25,Brighton,Wolves,109.87976850657628,1.6,1.4,1.7999999999999998,3.0999999999999996,1.4000000000000001,D
2024-10-26,2024/25,Man City,Southampton,347.2545922406173,2.0,2.4,2.8,6.5,2.6,H
2024-10-26,2024/25,Everton,Fulham,-22.560627453595316,0.20000000000000018,-0.2999999999999998,-0.3999999999999999,-0.5999999999999996,0.0,D
2024-10-27,2024/25,Arsenal,Liverpool,11.354473403201155,-0.3999999999999999,-0.20000000000000018,-0.4999999999999999,-1.7999999999999998,0.0,D
2024-10-27,2024/25,West Ham,Man United,-62.383547507020694,-0.6000000000000001,-0.5999999999999999,-0.4999999999999998,-1.5,-0.40000000000000013,H
2024-10-27,2024/25,Crystal Palace,Tottenham,-88.03516697095915,-1.4,-0.7000000000000001,-0.8999999999999999,-3.4000000000000004,-0.3999999999999999,H
2024-10-27,2024/25,Chelsea,Newcastle,20.066472544750923,1.0,0.5,0.8000000000000003,1.1999999999999993,0.0,H
2024-11-02,2024/25,Newcastle,Arsenal,-127.47916329735881,-1.2000000000000002,-0.6000000000000001,-0.6999999999999997,-2.7,-0.3999999999999999,H
2024-11-02,2024/25,Bournemouth,Man City,-222.8784429204959,-0.8000000000000003,-1.4000000000000001,-1.4,-5.7,-1.2000000000000002,H
2024-11-02,2024/25,Ipswich,Leicester,12.673154376147522,-0.9999999999999999,-0.7555555555555555,-0.9222222222222223,-0.11111111111111116,-0.5,D
2024-11-02,2024/25,Liverpool,Brighton,133.17534990111403,1.0,0.8999999999999999,1.1999999999999997,3.2,0.7999999999999998,H
2024-11-02,2024/25,Nott'm Forest,West Ham,-7.092936092889886,0.20000000000000018,0.7999999999999998,1.0,2.6000000000000005,0.0,H
2024-11-02,2024/25,Southampton,Everton,-109.1056863627498,-1.6,-0.7,-0.5999999999999999,-1.1,-0.4,H
2024-11-02,2024/25,Wolves,Crystal Palace,-46.65502033360758,-0.6000000000000001,-0.7,-1.5000000000000002,-4.3,-0.8,D
2024-11-03,2024/25,Tottenham,Aston Villa,-40.81950023996751,0.0,-0.19999999999999996,1.1,3.1999999999999997,-0.19999999999999996,H
2024-11-03,2024/25,Man United,Chelsea,-41.35148977824542,-1.0,-0.6000000000000001,-1.0000000000000002,1.4000000000000004,-0.5999999999999999,D
2024-11-04,2024/25,Fulham,Brentford,17.210512167209117,0.0,0.19999999999999996,0.40000000000000036,1.7000000000000002,0.7999999999999999,H
2024-11-09,2024/25,Liverpool,Aston Villa,94.48650622662149,1.4000000000000001,0.7,1.0999999999999999,2.4,0.3999999999999999,H
2024-11-09,2024/25,Brighton,Man City,-178.40099550695254,-0.6000000000000001,-0.6999999999999997,-0.7,-3.5,-0.19999999999999996,H
2024-11-09,2024/25,Wolves,Southampton,50.33186627954251,-0.19999999999999996,-0.10000000000000003,-0.10000000000000031,0.2999999999999994,0.2,H
2024-11-09,2024/25,West Ham,Everton,21.680852020477914,-0.20000000000000018,0.20000000000000007,0.10000000000000009,0.20000000000000062,0.3999999999999999,D
2024-11-09,2024/25,Brentford,Bournemouth,-33.4600022697266,-0.6000000000000001,-0.19999999999999996,-0.20000000000000018,-1.5000000000000009,1.6,H
2024-11-09,2024/25,Crystal Palace,Fulham,-32.46802530571722,-0.5999999999999999,-0.8,-0.5999999999999999,-0.9999999999999991,0.0,A
2024-11-10,2024/25,Man United,Leicester,87.36788660326124,-0.3999999999999999,0.19999999999999996,0.1000000000000002,4.4,0.3999999999999999,H
2024-11-10,2024/25,Nott'm Forest,Newcastle,-58.58267178407846,1.0,0.3999999999999999,0.7,3.0,0.6000000000000001,A
2024-11-10,2024/25,Tottenham,Ipswich,93.88485304140386,1.4,1.1,2.2,6.200000000000001,2.0,A
2024-11-10,2024/25,Chelsea,Arsenal,-79.48741324183152,0.20000000000000018,0.0,0.20000000000000018,-0.7000000000000002,0.20000000000000018,D
2024-11-23,2024/25,Leicester,Chelsea,-136.34786394297726,0.19999999999999996,-0.9999999999999999,-1.7,-2.4,-1.0,A
2024-11-23,2024/25,Arsenal,Nott'm Forest,171.70602684994287,-1.0,-0.19999999999999996,-0.09999999999999976,-0.6000000000000005,0.0,H
2024-11-23,2024/25,Aston Villa,Crystal Palace,102.3775912403728,0.19999999999999996,0.8,0.5,0.0,1.2000000000000002,D
2024-11-23,2024/25,Bournemouth,Brighton,-38.2522172351205,-0.6000000000000001,-0.20000000000000018,-0.10000000000000009,0.0,0.6000000000000001,A
2024-11-23,2024/25,Everton,Brentford,-18.016468211761776,-0.6000000000000001,-0.30000000000000004,-0.2999999999999998,1.3999999999999995,1.0,D
2024-11-23,2024/25,Fulham,Wolves,83.75464199748626,0.3999999999999999,1.2000000000000002,1.3,3.499999999999999,1.6,A
2024-11-23,2024/25,Man City,Tottenham,152.6135746827431,0.6000000000000001,0.5,-0.30000000000000027,0.8000000000000003,1.8,A
2024-11-24,2024/25,Southampton,Liverpool,-302.40523687733094,-2.0,-2.1,-2.5999999999999996,-6.1,-1.8,A
2024-11-24,2024/25,Ipswich,Man United,-70.65330317537655,-0.8,-0.3999999999999999,-0.7000000000000002,-4.300000000000001,-0.4,D
2024-11-25,2024/25,Newcastle,West Ham,80.81686649109133,0.0,0.30000000000000004,0.5999999999999999,-0.4999999999999991,1.0,A
2024-11-29,2024/25,Brighton,Southampton,181.38277661701363,1.4,1.2000000000000002,1.4000000000000004,2.6,1.8,D
2024-11-30,2024/25,Brentford,Leicester,50.848592344273584,0.5999999999999999,0.4999999999999999,0.8,1.1,1.6,H
2024-11-30,2024/25,Crystal Palace,Newcastle,-81.3173947275991,-0.19999999999999996,-0.5999999999999999,-0.30000000000000016,1.3000000000000007,-0.3999999999999999,D
2024-11-30,2024/25,Nott'm Forest,Ipswich,9.825484336071213,0.8,0.6,0.6000000000000001,2.199999999999999,0.3999999999999999,H
2024-11-30,2024/25,Wolves,Bournemouth,-39.80686370037688,0.20000000000000018,-0.4,-0.09999999999999987,-0.7999999999999998,0.0,A
2024-11-30,2024/25,West Ham,Arsenal,-164.1844635487323,0.3999999999999999,-0.40000000000000013,-1.0,-0.8999999999999995,0.3999999999999999,A
2024-12-01,2024/25,Chelsea,Aston Villa,24.018058205489297,0.6000000000000001,0.2999999999999998,0.6000000000000001,0.5,0.40000000000000013,H
2024-12-01,2024/25,Man United,Everton,76.46297071075765,0.40000000000000013,0.19999999999999996,0.0,0.5000000000000009,0.3999999999999999,H
2024-12-01,2024/25,Tottenham,Fulham,47.44161340482924,0.40000000000000013,0.0,1.0000000000000002,1.0,0.19999999999999996,D
2024-12-01,2024/25,Liverpool,Man City,3.207063218627127,1.4000000000000001,0.8,1.2,-0.30000000000000027,1.0,H
2024-12-03,2024/25,Ipswich,Crystal Palace,-6.1278625868108065,-0.19999999999999996,0.0,-0.19999999999999984,-3.7,0.20000000000000007,A
2024-12-03,2024/25,Leicester,West Ham,-62.36349312498078,-1.2,-0.29999999999999993,-0.30000000000000027,-3.2000000000000006,-0.19999999999999996,H
2024-12-04,2024/25,Aston Villa,Brentford,62.61430936003876,-1.6,-0.09999999999999987,-0.5000000000000002,0.5999999999999996,1.6,H
2024-12-04,2024/25,Arsenal,Man United,120.6580481835631,0.0,0.19999999999999996,0.10000000000000009,-0.40000000000000036,1.0000000000000002,H
2024-12-04,2024/25,Southampton,Chelsea,-221.5144379889125,-1.4000000000000001,-1.6,-2.1,-4.0,-1.2,A
2024-12-04,2024/25,Everton,Wolves,20.546218773424243,-1.0,0.30000000000000004,0.09999999999999987,1.6000000000000005,0.19999999999999996,H
2024-12-04,2024/25,Man City,Nott'm Forest,176.3727954708113,-1.2000000000000002,-0.30000000000000004,-0.5999999999999999,2.2,0.3999999999999999,H
2024-12-04,2024/25,Newcastle,Liverpool,-135.62057911693705,-1.2000000000000002,-1.3,-1.2999999999999998,-4.4,-1.2000000000000002,D
2024-12-05,2024/25,Fulham,Brighton,-34.3801510706794,0.0,-0.10000000000000009,-0.10000000000000009,1.7999999999999998,0.0,H
2024-12-05,2024/25,Bournemouth,Tottenham,-49.978171343137774,0.0,-0.30000000000000004,-1.1,-1.5000000000000009,0.6000000000000001,H
2024-12-07,2024/25,Aston Villa,Southampton,194.5106686326494,0.0,0.8,1.0000000000000002,3.5,1.6,H
2024-12-07,2024/25,Brentford,Newcastle,-66.04367100173044,-0.20000000000000018,0.3999999999999999,0.3999999999999999,-0.6999999999999993,1.6,H
2024-12-07,2024/25,Crystal Palace,Man City,-188.64856338468485,0.6,-0.3999999999999999,-0.09999999999999987,-0.9999999999999991,0.19999999999999996,D
2024-12-07,2024/25,Man United,Nott'm Forest,57.31983071445893,0.40000000000000013,-0.09999999999999987,0.3999999999999999,0.8999999999999995,1.0,A
2024-12-08,2024/25,Fulham,Arsenal,-156.65207175110936,0.0,-0.10000000000000009,-0.7000000000000002,-0.09999999999999964,0.8,D
2024-12-08,2024/25,Ipswich,Bournemouth,-57.0032683789218,-0.8,-0.9000000000000001,-0.9000000000000001,-2.6,-0.20000000000000007,A
2024-12-08,2024/25,Leicester,Brighton,-95.07951000474372,-0.5999999999999999,-0.3999999999999999,-0.6000000000000001,-2.5,0.19999999999999996,D
2024-12-08,2024/25,Tottenham,Chelsea,-60.456839147510664,-0.8000000000000003,-0.5,-0.19999999999999973,-0.5,0.0,A
2024-12-09,2024/25,West Ham,Wolves,49.48596881009394,-0.5999999999999999,0.30000000000000004,-0.10000000000000009,2.7,0.5999999999999999,H
2024-12-14,2024/25,Arsenal,Everton,204.43464151280523,1.2000000000000002,0.40000000000000013,0.7000000000000002,1.5000000000000004,1.6,D
2024-12-14,2024/25,Liverpool,Fulham,163.43635835783857,1.0,1.1,1.2000000000000002,2.4,1.4,D
2024-12-14,2024/25,Newcastle,Leicester,102.86069480847732,0.19999999999999996,-0.10000000000000009,0.40000000000000013,2.1,0.19999999999999996,H
2024-12-14,2024/25,Wolves,Ipswich,-18.261497269424126,0.3999999999999999,0.20000000000000007,0.19999999999999996,1.2999999999999998,0.0,A
2024-12-14,2024/25,Nott'm Forest,Aston Villa,-66.87719454636726,-0.19999999999999996,0.30000000000000004,0.20000000000000018,-1.1000000000000005,1.0,H
2024-12-15,2024/25,Brighton,Crystal Palace,47.18636048665894,0.40000000000000013,0.5,0.19999999999999996,-1.3000000000000003,0.8,A
2024-12-15,2024/25,Man City,Man United,136.92983454967384,-0.5999999999999999,0.19999999999999996,-0.30000000000000004,0.7999999999999989,1.4,A
2024-12-15,2024/25,Chelsea,Brentford,113.97088241541928,0.6000000000000001,0.40000000000000013,0.5999999999999999,3.3,2.0,H
2024-12-15,2024/25,Southampton,Tottenham,-166.14357827797244,-0.6000000000000001,-0.9,-2.1000000000000005,-4.6,-0.3999999999999999,A
2024-12-16,2024/25,Bournemouth,West Ham,32.05316139441243,0.40000000000000013,0.5,1.0,0.20000000000000018,1.5999999999999999,D
2024-12-21,2024/25,Crystal Palace,Arsenal,-166.87208873759573,-0.40000000000000013,-0.30000000000000004,-0.7,-0.8000000000000003,0.0,A
2024-12-21,2024/25,Ipswich,Newcastle,-94.24556694375951,-0.19999999999999996,-0.3999999999999999,-0.8,-3.2,-0.6,A
2024-12-21,2024/25,West Ham,Brighton,-29.316765147983006,0.3999999999999999,-0.10000000000000009,-0.30000000000000004,0.20000000000000018,0.6000000000000001,D
2024-12-21,2024/25,Aston Villa,Man City,-95.9322840937516,0.5999999999999999,-0.10000000000000009,-0.10000000000000009,-1.2000000000000002,1.0,H
2024-12-21,2024/25,Brentford,Nott'm Forest,-18.108910114541914,-0.40000000000000013,-0.2999999999999998,0.2999999999999998,-0.9999999999999991,1.6,A
2024-12-22,2024/25,Everton,Chelsea,-142.36546204185197,-1.8,-0.7000000000000002,-0.8000000000000002,-2.3,-0.19999999999999996,D
2024-12-22,2024/25,Fulham,Southampton,169.0782328218795,1.0,0.9,1.5,4.6,1.2,D
2024-12-22,2024/25,Leicester,Wolves,20.78132672951665,0.20000000000000007,0.30000000000000004,-0.30000000000000027,-1.7999999999999998,0.5999999999999999,A
2024-12-22,2024/25,Man United,Bournemouth,28.010539200047333,-0.6000000000000001,-0.19999999999999996,0.09999999999999987,-4.440892098500626e-16,0.6000000000000001,A
2024-12-22,2024/25,Tottenham,Liverpool,-140.95772051516292,-0.8000000000000003,-1.0999999999999999,0.09999999999999987,-1.9,-0.8000000000000003,A
2024-12-26,2024/25,Man City,Everton,164.813157667136,-0.3999999999999999,-0.19999999999999996,-0.6,0.5000000000000004,0.8,D
2024-12-26,2024/25,Bournemouth,Crystal Palace,38.26056665342503,1.0,0.7,1.0999999999999999,0.40000000000000036,0.3999999999999999,D
2024-12-26,2024/25,Chelsea,Fulham,93.35756554523095,1.2000000000000002,0.7000000000000002,1.0,1.7000000000000002,1.0000000000000002,A
2024-12-26,2024/25,Newcastle,Aston Villa,-9.906290947336174,-0.19999999999999996,0.0,0.8,0.2999999999999998,0.7999999999999999,H
2024-12-26,2024/25,Nott'm Forest,Tottenham,-8.930062694164462,1.5999999999999999,0.8,-0.5,-8.881784197001252e-16,1.2,H
2024-12-26,2024/25,Southampton,West Ham,-126.5742858015567,-0.6,-0.7,-0.7000000000000002,-3.3000000000000007,-0.20000000000000007,A
2024-12-26,2024/25,Wolves,Man United,-107.28981007951779,-0.6,-0.2999999999999998,-0.30000000000000004,-1.7999999999999998,-0.19999999999999996,H
2024-12-26,2024/25,Liverpool,Leicester,264.3228160078163,1.4000000000000001,1.5999999999999999,2.4000000000000004,5.4,1.8,H
2024-12-27,2024/25,Arsenal,Ipswich,227.5352511719775,1.6,0.8,1.7,3.7,1.0000000000000002,H
2024-12-27,2024/25,Brighton,Brentford,40.36519157610746,-0.6,0.0,-0.20000000000000018,2.5,1.4000000000000001,D
2024-12-29,2024/25,Leicester,Man City,-216.17696407531548,-0.19999999999999996,-0.30000000000000004,-1.0000000000000002,-3.5999999999999996,0.6000000000000001,A
2024-12-29,2024/25,Crystal Palace,Southampton,139.41169883460748,1.4000000000000001,0.8999999999999999,1.2,5.000000000000001,0.6,H
2024-12-29,2024/25,Everton,Nott'm Forest,-47.47364800286118,-1.2,-0.9000000000000001,-0.19999999999999996,0.5,-0.40000000000000013,A
2024-12-29,2024/25,Fulham,Bournemouth,7.612664427212621,-0.40000000000000013,-0.10000000000000009,-0.2999999999999998,0.09999999999999964,-0.3999999999999999,D
2024-12-29,2024/25,Tottenham,Wolves,84.26269401899344,-0.6,-0.3999999999999999,0.20000000000000018,-0.40000000000000036,-0.5999999999999999,D
2024-12-29,2024/25,West Ham,Liverpool,-191.10298206240714,-0.6000000000000001,-0.8999999999999999,-1.5000000000000002,-4.4,-0.6000000000000001,A
2024-12-30,2024/25,Aston Villa,Brighton,40.6984254509523,1.2000000000000002,0.0,-0.4999999999999998,-1.2000000000000002,1.2000000000000002,D
2024-12-30,2024/25,Ipswich,Chelsea,-158.01607515638352,-1.4,-1.3,-1.7,-5.4,-1.8000000000000003,H
2024-12-30,2024/25,Man United,Newcastle,-44.262736247438625,-1.4,-0.5999999999999999,-1.0000000000000002,-0.7999999999999998,0.0,A
2025-01-01,2024/25,Brentford,Arsenal,-192.5662988591364,-1.4000000000000001,-0.5,-1.0999999999999999,-3.9,0.7999999999999998,A
2025-01-04,2024/25,Brighton,Arsenal,-161.3626754765255,-1.4000000000000001,-1.0,-1.7000000000000002,-1.7000000000000006,-1.0000000000000002,D
2025-01-04,2024/25,Southampton,Brentford,-126.66350403368506,-0.6000000000000001,-0.6000000000000001,-1.2,-1.9000000000000004,0.19999999999999996,A
2025-01-04,2024/25,Man City,West Ham,149.7823567172536,-0.6000000000000001,-0.3999999999999999,0.3999999999999999,2.2,0.0,H
2025-01-04,2024/25,Crystal Palace,Chelsea,-87.85850659717926,0.20000000000000018,-0.40000000000000013,-0.9000000000000001,-1.5,-1.0,D
2025-01-04,2024/25,Bournemouth,Everton,57.474122012852604,0.6000000000000001,0.9,0.9000000000000001,2.5000000000000004,1.0,H
2025-01-04,2024/25,Aston Villa,Leicester,142.39976901683485,1.2,0.6000000000000001,0.8,1.7000000000000002,2.0,H
2025-01-04,2024/25,Tottenham,Newcastle,-58.965935595258316,-1.5999999999999999,-0.8999999999999999,-0.7,-2.1,-1.6,A
2025-01-05,2024/25,Fulham,Ipswich,78.28412584833472,0.19999999999999996,0.5999999999999999,0.7000000000000001,2.6999999999999997,0.0,D
2025-01-05,2024/25,Liverpool,Man United,184.12552213911863,1.6,1.2999999999999998,1.8,4.6,1.8,D
2025-01-06,2024/25,Wolves,Nott'm Forest,-98.84521116148676,-1.6,-0.7000000000000002,-0.10000000000000009,0.0,-0.40000000000000013,A
2025-01-14,2024/25,Brentford,Man City,-160.82649709841075,-0.5999999999999999,0.2999999999999998,0.5,-1.0999999999999996,1.0,D
2025-01-14,2024/25,Chelsea,Bournemouth,50.46156592605189,-0.8,0.0,0.10000000000000009,-0.10000000000000053,0.0,D
2025-01-14,2024/25,West Ham,Fulham,-42.28072547314446,-0.3999999999999999,-0.30000000000000004,-1.1,-2.0,-0.8,H
2025-01-14,2024/25,Nott'm Forest,Liverpool,-140.5359212305591,0.7999999999999998,-0.2999999999999998,-1.3,-5.300000000000001,0.19999999999999973,D
2025-01-15,2024/25,Everton,Aston Villa,-95.71437953897453,-0.7999999999999999,-0.5999999999999999,-1.1102230246251565e-16,-1.600000000000001,1.2,A
2025-01-15,2024/25,Leicester,Crystal Palace,-91.35651307478429,-1.6,-0.9999999999999999,-1.5000000000000002,-4.9,-1.0,A
2025-01-15,2024/25,Newcastle,Wolves,154.28703064045249,1.6,0.7,1.3,1.3999999999999995,0.6000000000000001,H
2025-01-15,2024/25,Arsenal,Tottenham,171.95981357096935,1.4000000000000001,1.4000000000000001,1.4000000000000001,3.2999999999999994,1.0000000000000002,H
2025-01-16,2024/25,Man United,Southampton,175.14403337749877,0.6000000000000001,0.9000000000000001,1.7999999999999998,4.6,0.7999999999999999,H
2025-01-16,2024/25,Ipswich,Brighton,-65.25468959215141,0.5999999999999999,-0.09999999999999987,-0.19999999999999996,-2.7,-0.3999999999999999,A
2025-01-18,2024/25,Newcastle,Bournemouth,51.96837608364808,1.2,0.10000000000000009,0.5999999999999999,-0.7000000000000002,-0.20000000000000018,A
2025-01-18,2024/25,Brentford,Liverpool,-199.17558901343773,-1.2000000000000002,-1.0000000000000002,-1.2,-5.6,-0.8000000000000003,A
2025-01-18,2024/25,Leicester,Fulham,-120.00715076741085,-1.2,-0.7999999999999999,-1.5000000000000002,-3.5999999999999996,-0.8,A
2025-01-18,2024/25,West Ham,Crystal Palace,-12.849066705242421,-0.20000000000000018,-0.30000000000000004,-1.0000000000000002,-4.1,-0.8000000000000003,A
2025-01-18,2024/25,Arsenal,Aston Villa,113.901786558406,0.6000000000000001,0.7,1.7,2.8000000000000007,2.0,D
2025-01-19,2024/25,Everton,Tottenham,-47.27610607370093,0.2,0.0,-0.5000000000000001,-1.0999999999999996,-0.19999999999999996,H
2025-01-19,2024/25,Man United,Brighton,-12.12691729165249,-0.5999999999999999,-0.09999999999999987,-0.20000000000000018,-1.5000000000000004,0.0,A
2025-01-19,2024/25,Nott'm Forest,Southampton,212.9957170947273,2.4,2.0,2.5,4.199999999999999,1.6,H
2025-01-19,2024/25,Ipswich,Man City,-194.45136528550665,-0.8,-0.3999999999999999,-0.7,-2.1000000000000005,-0.4,A
2025-01-20,2024/25,Chelsea,Wolves,155.6499992406175,-0.7999999999999999,0.8,1.3,2.8,0.8,H
2025-01-25,2024/25,Wolves,Arsenal,-255.7570125301388,-1.4000000000000001,-1.5000000000000002,-2.4000000000000004,-2.799999999999999,-1.0000000000000002,A
2025-01-25,2024/25,Man City,Chelsea,61.57121707062652,1.2000000000000002,-0.30000000000000004,0.20000000000000018,-1.2999999999999998,-0.20000000000000018,H
2025-01-25,2024/25,Southampton,Newcastle,-243.22276858164219,-2.4,-1.8,-3.2,-5.7,-2.0,A
2025-01-25,2024/25,Liverpool,Ipswich,250.95486763771305,1.4000000000000001,1.5000000000000002,2.8,6.7,0.8000000000000003,H
2025-01-25,2024/25,Bournemouth,Nott'm Forest,-2.3903132647510574,-0.8,-0.2999999999999998,0.20000000000000007,2.3999999999999995,-0.7999999999999998,H
2025-01-25,2024/25,Brighton,Everton,79.2979093641552,1.0,0.19999999999999996,0.30000000000000004,3.8000000000000003,0.6,A
2025-01-26,2024/25,Crystal Palace,Brentford,38.899826392793784,1.2000000000000002,0.7999999999999998,0.2999999999999998,3.2000000000000006,0.19999999999999996,A
2025-01-26,2024/25,Tottenham,Leicester,102.2512723788077,0.2,0.09999999999999998,1.2999999999999998,1.5999999999999996,0.4,A
2025-01-26,2024/25,Aston Villa,West Ham,89.25185801510429,0.40000000000000013,0.5999999999999999,1.0999999999999999,3.5,1.2000000000000002,D
2025-01-26,2024/25,Fulham,Man United,17.91125164759478,0.8,0.5,0.8999999999999999,-0.10000000000000053,0.3999999999999999,A
2025-02-01,2024/25,Nott'm Forest,Brighton,15.034860954657233,0.3999999999999999,1.1,0.3999999999999999,-2.5000000000000004,0.8,H
2025-02-01,2024/25,Bournemouth,Liverpool,-135.63153447889226,0.0,0.0,-0.2999999999999998,-1.7999999999999998,0.0,A
2025-02-01,2024/25,Everton,Leicester,73.69281025039345,0.6,0.5,1.1,0.5999999999999996,0.7999999999999999,H
2025-02-01,2024/25,Ipswich,Southampton,109.96263283903,0.8,0.6,0.7,2.3999999999999995,0.39999999999999997,A
2025-02-01,2024/25,Newcastle,Fulham,67.25736568000184,1.4,0.8000000000000003,1.1,2.0000000000000004,0.3999999999999999,A
2025-02-01,2024/25,Wolves,Aston Villa,-151.9509742122284,-1.6,-1.1,-1.2,-0.20000000000000018,-0.20000000000000007,H
2025-02-02,2024/25,Arsenal,Man City,27.82571924823037,-0.3999999999999999,0.40000000000000013,-0.2999999999999998,0.10000000000000009,0.6000000000000001,H
2025-02-02,2024/25,Man United,Crystal Palace,14.458223435259924,-0.6000000000000001,-0.8,-1.0999999999999999,-2.2,-2.0,A
2025-02-02,2024/25,Brentford,Tottenham,15.173730840949247,1.2,0.7000000000000001,0.3999999999999999,-0.4999999999999991,0.20000000000000007,A
2025-02-03,2024/25,Chelsea,West Ham,92.077031011705,0.19999999999999996,0.30000000000000004,1.1999999999999997,5.300000000000001,1.0,H
2025-02-12,2024/25,Everton,Liverpool,-218.198429424516,-0.40000000000000013,-0.7000000000000002,-1.0999999999999999,-5.3999999999999995,-1.2000000000000002,D
2025-02-14,2024/25,Brighton,Chelsea,-63.79735283748755,-0.20000000000000018,-0.3999999999999999,-0.6000000000000001,0.19999999999999973,-0.4,H
2025-02-15,2024/25,Leicester,Arsenal,-291.9443556460337,-1.6,-1.8000000000000003,-3.2,-5.0,-2.0,A
2025-02-15,2024/25,Aston Villa,Ipswich,132.7541395204646,1.4000000000000001,0.8,1.3,1.2999999999999998,1.4000000000000001,D
2025-02-15,2024/25,Fulham,Nott'm Forest,-24.75315752556412,-0.6000000000000001,-1.1,-1.0999999999999999,0.09999999999999964,-1.5999999999999999,H
2025-02-15,2024/25,Man City,Newcastle,78.96441333679923,0.19999999999999996,-0.6000000000000001,-0.6000000000000003,-0.5,-0.3999999999999999,H
2025-02-15,2024/25,Southampton,Bournemouth,-208.6162325585974,-1.4,-1.5,-2.8,-5.6,-2.2,A
2025-02-15,2024/25,West Ham,Brentford,0.8786945553360965,-0.5999999999999999,0.09999999999999987,-0.6999999999999997,-3.5000000000000004,0.0,A
2025-02-15,2024/25,Crystal Palace,Everton,29.88926400276273,0.0,0.5,0.20000000000000007,3.4,0.0,A
2025-02-16,2024/25,Liverpool,Wolves,268.8316262044186,1.6,1.2000000000000002,2.1,3.700000000000001,1.4000000000000001,H
2025-02-16,2024/25,Tottenham,Man United,-18.746200610530423,-0.7999999999999999,-0.30000000000000004,0.5999999999999996,-0.30000000000000027,-1.2,H
2025-02-19,2024/25,Aston Villa,Liverpool,-149.71285160287925,-1.4000000000000001,-1.0999999999999999,-2.0999999999999996,-5.0,-0.40000000000000013,D
2025-02-21,2024/25,Leicester,Brentford,-98.81099928375238,-0.7999999999999999,-0.8,-1.9000000000000001,-2.5999999999999996,-2.0,A
2025-02-22,2024/25,Everton,Man United,1.2234056936695197,1.4000000000000001,0.5,1.1,-0.5,0.0,D
2025-02-22,2024/25,Arsenal,West Ham,224.0558496029978,1.8,1.5,2.5,5.700000000000001,1.2000000000000002,A
2025-02-22,2024/25,Bournemouth,Wolves,130.33287936426905,1.4,0.8999999999999999,1.6000000000000003,1.1999999999999993,0.8,A
2025-02-22,2024/25,Fulham,Crystal Palace,30.87465677780324,0.0,-0.09999999999999987,0.0,-0.899999999999999,-1.4000000000000001,A
2025-02-22,2024/25,Ipswich,Tottenham,-70.2914133489578,-1.0,-0.19999999999999996,-1.4,-2.2,-0.6,A
2025-02-22,2024/25,Southampton,Brighton,-195.3163957281772,-1.2000000000000002,-0.9,-1.5,-5.0,-1.6,A
2025-02-22,2024/25,Aston Villa,Chelsea,-21.799072159592242,-0.5999999999999999,0.19999999999999996,0.20000000000000018,-0.5,0.9999999999999999,H
2025-02-23,2024/25,Newcastle,Nott'm Forest,18.27783213051407,-0.19999999999999996,-0.10000000000000009,-2.220446049250313e-16,2.2,0.0,H
2025-02-23,2024/25,Man City,Liverpool,-45.11314665383861,-0.20000000000000018,-0.5000000000000002,-0.3999999999999999,-1.5000000000000004,0.19999999999999996,A
2025-02-25,2024/25,Brighton,Bournemouth,-3.951207727615838,0.0,-0.19999999999999996,-0.8,1.3000000000000003,-1.2000000000000002,H
2025-02-25,2024/25,Crystal Palace,Aston Villa,-44.09376402323869,0.6000000000000001,0.30000000000000004,0.4999999999999998,2.8999999999999995,0.0,H
2025-02-25,2024/25,Wolves,Fulham,-82.46343581694032,-0.6000000000000001,-0.19999999999999996,-0.2999999999999998,0.10000000000000009,-0.8,A
2025-02-25,2024/25,Chelsea,Southampton,236.2812170903078,0.6,0.5,1.1,4.1,1.2,H
2025-02-26,2024/25,Liverpool,Newcastle,139.12293440270582,1.0000000000000002,0.10000000000000009,0.7000000000000002,1.8999999999999995,-0.19999999999999973,H
2025-02-26,2024/25,Tottenham,Man City,-134.3220460838529,0.0,-0.7,-1.2,-2.4000000000000004,-0.5999999999999999,A
2025-02-26,2024/25,Man United,Ipswich,82.8492873900052,0.6000000000000001,0.30000000000000004,0.9,1.1000000000000005,-0.4,H
2025-02-26,2024/25,Brentford,Everton,2.1274358229482004,-0.40000000000000013,-0.10000000000000009,0.0,0.9000000000000008,-1.4000000000000001,D
2025-02-26,2024/25,Nott'm Forest,Arsenal,-141.53099170141172,-0.8,-0.3999999999999999,-0.5000000000000002,-2.499999999999999,0.0,D
2025-02-27,2024/25,West Ham,Leicester,101.8457155203821,0.20000000000000007,0.8,1.2000000000000002,-0.8000000000000003,0.20000000000000007,H
2025-03-08,2024/25,Nott'm Forest,Man City,-112.58825874137528,-1.0,-0.30000000000000004,-0.4999999999999998,-2.9000000000000004,0.20000000000000018,H
2025-03-08,2024/25,Brighton,Fulham,12.986800121947454,0.0,0.10000000000000009,0.19999999999999973,1.8000000000000007,-0.7999999999999998,H
2025-03-08,2024/25,Crystal Palace,Ipswich,115.36133487128018,1.6,1.5,2.5,4.799999999999999,0.9999999999999999,H
2025-03-08,2024/25,Liverpool,Southampton,386.37401928504437,1.6,1.9000000000000001,3.3,6.299999999999999,2.0,H
2025-03-08,2024/25,Brentford,Aston Villa,-53.32210642997006,1.0,0.10000000000000009,0.7000000000000002,0.8000000000000007,-0.4,A
2025-03-08,2024/25,Wolves,Everton,-68.69860418619237,-0.6000000000000001,-0.5,-0.9000000000000001,1.0000000000000004,-0.40000000000000013,D
2025-03-09,2024/25,Man United,Arsenal,-167.2930466782534,-0.6000000000000001,-1.0,-1.5,-2.499999999999999,-1.0000000000000002,D
2025-03-09,2024/25,Chelsea,Leicester,190.39728493283314,0.6,0.8,1.8,2.8000000000000003,1.4,H
2025-03-09,2024/25,Tottenham,Bournemouth,-33.15775813750747,0.6000000000000001,-0.5,-0.7,-1.0,-0.8,D
2025-03-10,2024/25,West Ham,Newcastle,-72.42110506745053,0.19999999999999996,-0.5,-0.8999999999999999,-2.7,-0.6000000000000001,A
2025-03-15,2024/25,Bournemouth,Brentford,44.98476589798338,-0.5999999999999999,0.10000000000000009,0.2999999999999998,0.7999999999999989,-1.2000000000000002,A
2025-03-15,2024/25,Southampton,Wolves,-106.88769608012421,-0.7999999999999999,-0.5,-1.4000000000000004,-6.0,-0.8,A
2025-03-15,2024/25,Ipswich,Nott'm Forest,-142.27518476625005,-1.2,-1.2,-2.2,-0.20000000000000018,-0.6,A
2025-03-15,2024/25,Man City,Brighton,84.66819318616717,-1.2,-0.10000000000000009,0.5999999999999999,-0.40000000000000036,0.0,D
2025-03-15,2024/25,Everton,West Ham,18.122871232803618,0.19999999999999996,0.6000000000000001,1.4,3.0,0.20000000000000018,D
2025-03-16,2024/25,Arsenal,Chelsea,98.55640357517336,-0.19999999999999996,0.5,0.8999999999999999,0.1999999999999993,1.8,H
2025-03-16,2024/25,Fulham,Tottenham,25.862434034460648,-0.19999999999999996,0.2999999999999998,-0.10000000000000009,0.20000000000000018,-0.19999999999999996,H
2025-03-16,2024/25,Leicester,Man United,-135.3009304161335,-1.0,-0.8999999999999999,-1.6,-1.1000000000000005,-1.0,A
2025-04-01,2024/25,Arsenal,Fulham,144.50763369235642,-0.19999999999999996,0.2999999999999998,0.6000000000000001,0.5999999999999996,0.19999999999999996,H
2025-04-01,2024/25,Wolves,West Ham,-43.627920738895,0.0,-0.10000000000000009,-0.30000000000000016,1.9999999999999996,-0.19999999999999996,H
2025-04-01,2024/25,Nott'm Forest,Man United,38.68888989419315,-0.20000000000000018,0.19999999999999996,0.49999999999999956,-0.7999999999999998,0.6000000000000001,H
2025-04-02,2024/25,Southampton,Crystal Palace,-216.23836616753556,-2.4,-1.9000000000000001,-3.3000000000000003,-7.0,-2.6,D
2025-04-02,2024/25,Newcastle,Brentford,72.00368348294637,-0.8,0.10000000000000009,-0.7,-1.8000000000000007,-1.2,H
2025-04-02,2024/25,Liverpool,Everton,216.34475827932874,1.2000000000000002,0.7,0.8000000000000003,0.5,1.0,H
2025-04-02,2024/25,Brighton,Aston Villa,-4.774213713863901,1.0,0.3999999999999999,0.5999999999999999,2.0,0.6000000000000001,A
2025-04-02,2024/25,Bournemouth,Ipswich,121.92452920403821,0.6000000000000001,1.2,2.5,2.8999999999999995,0.7999999999999999,A
2025-04-02,2024/25,Man City,Leicester,267.69165343251484,1.4,1.4,2.8999999999999995,3.6000000000000005,1.4,H
2025-04-03,2024/25,Chelsea,Tottenham,75.51153921773334,-0.19999999999999996,0.3999999999999999,0.20000000000000018,0.8999999999999995,1.4000000000000001,H
2025-04-05,2024/25,Everton,Arsenal,-187.18753666486168,-0.8,-0.40000000000000013,-0.30000000000000027,-0.19999999999999973,0.0,D
2025-04-05,2024/25,Crystal Palace,Brighton,-17.725192251430144,0.0,0.10000000000000009,0.8,0.10000000000000053,-0.6000000000000001,H
2025-04-05,2024/25,Ipswich,Wolves,-36.41072158754969,-1.4,-0.9,-1.4999999999999998,-2.3000000000000007,-1.2,A
2025-04-05,2024/25,West Ham,Bournemouth,-31.334335516941564,1.2,0.0,-0.6,-2.299999999999999,-0.40000000000000013,D
2025-04-05,2024/25,Aston Villa,Nott'm Forest,10.296336661272335,0.0,-0.09999999999999987,-0.40000000000000013,0.9999999999999991,0.6000000000000001,H
2025-04-06,2024/25,Brentford,Chelsea,-77.94526144327187,-0.40000000000000013,-0.20000000000000018,-0.09999999999999987,-1.5,0.2,D
2025-04-06,2024/25,Fulham,Liverpool,-189.85783695009786,-1.4000000000000001,-1.1,-1.4000000000000004,-1.4999999999999996,-0.8000000000000003,H
2025-04-06,2024/25,Tottenham,Southampton,164.59570003022213,0.6000000000000001,0.6,1.6000000000000003,3.1999999999999997,0.20000000000000007,H
2025-04-06,2024/25,Man United,Man City,-126.52552110162492,0.20000000000000018,-0.30000000000000004,-0.7000000000000002,-1.4,0.0,D
2025-04-07,2024/25,Leicester,Newcastle,-215.9122433182181,-1.8,-1.5,-1.9999999999999996,-1.4000000000000004,-1.8,A
2025-04-12,2024/25,Southampton,Aston Villa,-265.76863108679277,-2.1999999999999997,-1.2000000000000002,-1.8000000000000003,-3.8999999999999995,-1.2,A
2025-04-12,2024/25,Nott'm Forest,Everton,57.720784473295,1.2,0.10000000000000009,-0.09999999999999987,-1.9999999999999996,1.0,A
2025-04-12,2024/25,Arsenal,Brentford,182.36265381812314,0.8,0.5,0.7,1.2999999999999994,-0.3999999999999999,D
2025-04-12,2024/25,Man City,Crystal Palace,98.04432303961335,-1.0,-0.5000000000000002,-0.30000000000000027,0.6000000000000005,-0.6000000000000001,H
2025-04-12,2024/25,Brighton,Leicester,178.96017073455664,1.4,1.3,2.0999999999999996,4.4,1.2000000000000002,D
2025-04-13,2024/25,Chelsea,Ipswich,169.7344732108627,1.4,1.2000000000000002,1.8999999999999997,3.1999999999999997,2.2,D
2025-04-13,2024/25,Liverpool,West Ham,230.209871352429,1.4,1.4,1.5000000000000002,2.3999999999999995,2.0,H
2025-04-13,2024/25,Wolves,Tottenham,-28.70754334535809,1.2,0.30000000000000004,-0.10000000000000009,0.7000000000000006,0.19999999999999996,H
2025-04-13,2024/25,Newcastle,Man United,73.37922079958025,0.7999999999999998,0.6000000000000001,0.19999999999999996,-0.20000000000000018,0.40000000000000013,H
2025-04-14,2024/25,Bournemouth,Fulham,-34.516843614149366,-1.4,-0.7,0.09999999999999987,2.1,-1.2000000000000002,H
2025-04-16,2024/25,Newcastle,Crystal Palace,60.76146430057793,0.3999999999999999,-0.09999999999999987,-0.5000000000000002,-0.8999999999999995,-0.19999999999999996,H
2025-04-19,2024/25,Brentford,Brighton,-29.497403710739718,0.0,0.10000000000000009,0.5999999999999998,-1.6,-0.9999999999999999,H
2025-04-19,2024/25,Crystal Palace,Bournemouth,8.683414816524873,0.3999999999999999,0.5,-0.30000000000000004,-1.5999999999999996,0.19999999999999996,D
2025-04-19,2024/25,Everton,Man City,-129.67917719609272,-0.40000000000000013,-0.19999999999999996,0.0,-1.1999999999999997,0.0,A
2025-04-19,2024/25,West Ham,Southampton,159.08932653605643,0.2,0.5,1.7000000000000002,3.9000000000000004,0.20000000000000007,D
2025-04-19,2024/25,Aston Villa,Newcastle,-12.126775421187176,-0.6000000000000001,-0.30000000000000004,-0.4999999999999998,0.7999999999999998,0.0,H
2025-04-20,2024/25,Leicester,Liverpool,-342.89399581668,-2.1999999999999997,-1.9,-3.0,-4.3,-1.6,A
2025-04-20,2024/25,Man United,Wolves,36.26050057366183,-1.6,-0.7,-0.7,-1.5999999999999992,-0.8,A
2025-04-20,2024/25,Fulham,Chelsea,-34.87782755957642,-0.40000000000000013,0.10000000000000009,0.0,-0.8000000000000003,1.6,A
2025-04-20,2024/25,Ipswich,Arsenal,-263.3638853776099,-1.0,-1.4,-1.9,-3.1999999999999997,-1.8,A
2025-04-21,2024/25,Tottenham,Nott'm Forest,-62.0916510077584,-1.0,0.0,-0.09999999999999987,1.5,0.7999999999999999,A
2025-04-22,2024/25,Man City,Aston Villa,53.62391264149187,-0.7999999999999998,-0.30000000000000004,-0.19999999999999996,0.19999999999999973,0.19999999999999996,H
2025-04-23,2024/25,Arsenal,Crystal Palace,154.07482427757282,1.2000000000000002,0.19999999999999996,1.1,2.7,0.6000000000000001,D
2025-04-26,2024/25,Chelsea,Everton,74.41361171899052,0.6000000000000001,0.5,0.3999999999999999,2.6,1.0,H
2025-04-26,2024/25,Brighton,West Ham,57.13906397173332,-0.19999999999999996,0.4999999999999999,-0.20000000000000007,1.6000000000000005,1.2,H
2025-04-26,2024/25,Newcastle,Ipswich,186.1561950957837,1.5999999999999999,1.3,1.6,1.8999999999999995,1.4,H
2025-04-26,2024/25,Southampton,Fulham,-204.17958414984628,-0.7999999999999999,-1.0,-1.7,-3.5999999999999996,-1.0,A
2025-04-26,2024/25,Wolves,Leicester,121.53300818555954,2.8,2.1,2.9,4.8,1.8,H
2025-04-27,2024/25,Bournemouth,Man United,24.608216216124447,0.19999999999999996,0.0,0.10000000000000009,1.1000000000000005,-0.20000000000000007,D
2025-04-27,2024/25,Liverpool,Tottenham,240.06018697675268,1.7999999999999998,0.9999999999999998,0.7999999999999998,1.9000000000000004,1.8,H
2025-05-01,2024/25,Nott'm Forest,Brentford,41.429893544414654,0.19999999999999996,0.10000000000000009,0.40000000000000013,-1.6,0.0,A
2025-05-02,2024/25,Man City,Wolves,168.03947114116454,-0.3999999999999999,-0.20000000000000018,0.20000000000000007,1.2999999999999998,-0.3999999999999999,H
2025-05-03,2024/25,Arsenal,Bournemouth,155.75894660400922,0.6000000000000001,0.7,0.8,0.9999999999999996,0.40000000000000013,A
2025-05-03,2024/25,Leicester,Southampton,44.74295565583816,-0.2,-0.1,-0.1999999999999995,0.5,-0.8,H
2025-05-03,2024/25,Aston Villa,Fulham,61.090480473661046,1.2,0.5,0.8,1.9000000000000004,1.0000000000000002,H
2025-05-03,2024/25,Everton,Ipswich,96.7830890282487,0.0,0.6000000000000001,1.1999999999999997,2.4999999999999996,0.0,D
2025-05-04,2024/25,Brentford,Man United,27.997885903983615,1.2000000000000002,0.8,1.0,-0.40000000000000036,0.0,H
2025-05-04,2024/25,Brighton,Newcastle,-65.1426287193326,-1.5999999999999999,-0.40000000000000013,-0.3999999999999997,2.0999999999999996,0.8,D
2025-05-04,2024/25,West Ham,Tottenham,-9.080893823882207,-0.19999999999999996,-0.09999999999999998,0.30000000000000004,-0.9000000000000004,0.4,D
2025-05-04,2024/25,Chelsea,Liverpool,-129.53355844903172,-0.19999999999999973,-0.8,-1.0000000000000004,0.5,1.0,H
2025-05-05,2024/25,Crystal Palace,Nott'm Forest,-11.264539000888135,-0.19999999999999996,0.19999999999999996,-0.10000000000000009,0.29999999999999893,0.8,D
2025-05-10,2024/25,Fulham,Everton,28.058591035898417,0.19999999999999996,0.29999999999999993,0.09999999999999998,-0.10000000000000053,0.8,A
2025-05-10,2024/25,Ipswich,Brentford,-126.94936669173012,-1.8000000000000003,-1.3,-2.2,-2.6000000000000005,-2.0,A
2025-05-10,2024/25,Southampton,Man City,-356.0370748326816,-2.4,-1.8,-2.5999999999999996,-6.0,-1.2,D
2025-05-10,2024/25,Wolves,Brighton,-45.58814163435068,1.4,0.7000000000000002,0.7000000000000002,-0.10000000000000009,1.2,A
2025-05-10,2024/25,Bournemouth,Aston Villa,-63.99059922123456,-0.5999999999999999,-1.2000000000000002,-1.0999999999999999,-1.1,-1.0,A
2025-05-11,2024/25,Liverpool,Arsenal,45.64870086107044,0.6000000000000001,0.8000000000000003,0.6,0.20000000000000018,1.2,D
2025-05-11,2024/25,Tottenham,Crystal Palace,-58.03747203223861,0.20000000000000007,-0.8,-0.5,0.7999999999999998,0.3999999999999999,A
2025-05-11,2024/25,Newcastle,Chelsea,-1.9849522295025963,-0.20000000000000018,0.20000000000000018,0.3999999999999999,-3.0000000000000004,2.2,H
2025-05-11,2024/25,Man United,West Ham,31.41739106601517,-0.19999999999999996,0.0,-0.10000000000000031,1.3999999999999995,0.19999999999999996,A
2025-05-11,2024/25,Nott'm Forest,Leicester,178.05146229924526,0.0,0.9999999999999999,1.7000000000000002,2.4999999999999996,1.2,D
2025-05-16,2024/25,Aston Villa,Tottenham,146.22850879168618,2.1999999999999997,1.9,2.1,2.6000000000000005,2.4,H
2025-05-16,2024/25,Chelsea,Man United,111.88431843787066,1.8,1.1,1.1,2.4,1.8,H
2025-05-18,2024/25,Arsenal,Newcastle,56.52462520990821,-0.8,-0.7000000000000002,-0.8000000000000003,0.7999999999999998,0.20000000000000018,H
2025-05-18,2024/25,Everton,Southampton,194.25132367056267,0.9999999999999999,0.8,1.4,2.0,0.6000000000000001,H
2025-05-18,2024/25,West Ham,Nott'm Forest,-65.55961754845907,0.0,-0.5,-0.09999999999999987,-0.3999999999999999,-0.19999999999999996,A
2025-05-18,2024/25,Brentford,Fulham,31.144498855634993,2.0,0.6000000000000001,0.7,0.30000000000000027,1.0,A
2025-05-18,2024/25,Leicester,Ipswich,-27.431770082781213,0.6,0.0,-0.10000000000000009,0.20000000000000018,-0.4,H
2025-05-19,2024/25,Brighton,Liverpool,-159.0500510569159,-0.3999999999999999,-0.7000000000000002,-1.1,-1.8000000000000003,0.20000000000000018,H
2025-05-20,2024/25,Man City,Bournemouth,131.85248813316457,1.0,1.1,1.1,1.9000000000000004,1.4000000000000001,H
2025-05-20,2024/25,Crystal Palace,Wolves,63.84433083867566,-0.6000000000000001,-0.2999999999999998,-0.6000000000000001,-1.7999999999999998,-0.19999999999999973,H
2025-05-25,2024/25,Wolves,Brentford,-60.3253738636422,-1.2,0.19999999999999996,2.220446049250313e-16,0.5999999999999996,0.0,D
2025-05-25,2024/25,Tottenham,Brighton,-98.17486877761894,-1.8,-1.0,-1.1000000000000003,-2.8999999999999995,-0.5999999999999999,A
2025-05-25,2024/25,Nott'm Forest,Chelsea,-48.17829204693021,-0.7999999999999998,-0.30000000000000004,-0.20000000000000018,-3.6000000000000005,0.5999999999999999,A
2025-05-25,2024/25,Southampton,Arsenal,-358.4245326603318,-1.2000000000000002,-1.4,-1.9,-4.7,-0.9999999999999999,A
2025-05-25,2024/25,Newcastle,Everton,86.59883801587057,0.0,0.9000000000000001,1.3,2.6,1.6,A
2025-05-25,2024/25,Fulham,Man City,-137.2610563780272,-1.4000000000000001,-0.9000000000000001,-1.2000000000000002,-3.4,-0.40000000000000013,A
2025-05-25,2024/25,Liverpool,Crystal Palace,142.26777103849486,-0.40000000000000013,0.2999999999999998,0.9000000000000001,1.7000000000000002,1.6,D
2025-05-25,2024/25,Ipswich,West Ham,-72.38805981370956,-0.8,-0.19999999999999996,-1.0000000000000004,-1.3999999999999995,-0.8,A
2025-05-25,2024/25,Bournemouth,Leicester,138.38101146872964,-0.3999999999999999,0.19999999999999996,0.6000000000000001,2.6,0.4,H
2025-05-25,2024/25,Man United,Aston Villa,-139.41380074432186,-2.1999999999999997,-1.7999999999999998,-1.6999999999999997,-1.4000000000000004,-1.4,H
2025-08-15,2025/26,Liverpool,Bournemouth,127.54119999877389,-0.3999999999999999,0.5,0.5999999999999999,0.20000000000000018,1.0000000000000002,H
2025-08-16,2025/26,Tottenham,Burnley,31.94926220708976,-0.6000000000000001,-0.6,-1.2999999999999998,0.5,-0.19999999999999996,H
2025-08-16,2025/26,Wolves,Man City,-159.499458306306,-1.8,-0.5,-0.8999999999999997,-2.9000000000000004,0.3999999999999999,A
2025-08-16,2025/26,Aston Villa,Newcastle,12.726695725816398,0.40000000000000013,0.5,0.0,-4.440892098500626e-16,1.6,D
2025-08-16,2025/26,Brighton,Fulham,38.54392083764424,1.4000000000000001,0.30000000000000004,0.40000000000000013,1.5,0.40000000000000013,D
2025-08-17,2025/26,Chelsea,Crystal Palace,43.666709456883154,0.5999999999999999,0.6000000000000001,0.7000000000000002,2.3,1.6,D
2025-08-17,2025/26,Nott'm Forest,Brentford,6.123110700845018,-1.0,-0.40000000000000013,-0.5,-0.7999999999999994,-0.8,H
2025-08-17,2025/26,Man United,Arsenal,-148.87855108119743,-0.8,-1.0999999999999999,-1.0999999999999999,-1.0999999999999996,-0.8,A
2025-08-18,2025/26,Leeds,Everton,-73.7024846663071,-1.8,-1.0,-2.0,-0.8000000000000003,-1.4,H
2025-08-22,2025/26,West Ham,Chelsea,-112.06804145525575,-0.6000000000000001,-1.2000000000000002,-0.8000000000000002,-3.3999999999999995,-0.7999999999999999,A
2025-08-23,2025/26,Man City,Tottenham,176.35174037868092,1.8,1.9000000000000001,2.7,5.3999999999999995,2.8,A
2025-08-23,2025/26,Bournemouth,Wolves,45.81392160737755,1.0,-0.40000000000000013,-0.09999999999999987,-0.49999999999999956,-0.40000000000000013,H
2025-08-23,2025/26,Brentford,Aston Villa,-62.54763972394812,-0.6000000000000001,-0.7000000000000002,-0.9000000000000001,-1.5000000000000004,-0.40000000000000013,H
2025-08-23,2025/26,Arsenal,Leeds,187.3754912941563,1.2,1.4,2.5,4.199999999999999,1.6,H
2025-08-24,2025/26,Everton,Brighton,-38.25857707152977,-0.20000000000000018,-0.10000000000000009,1.1102230246251565e-16,-2.7,-0.19999999999999996,H
2025-08-24,2025/26,Crystal Palace,Nott'm Forest,6.198914363535096,0.19999999999999996,0.0,-0.30000000000000004,1.0,0.20000000000000018,D
2025-08-24,2025/26,Fulham,Man United,34.64959605698368,0.20000000000000007,0.5,0.30000000000000004,-2.200000000000001,1.0,D
2025-08-25,2025/26,Newcastle,Liverpool,-82.21342890667006,0.0,0.0,0.5999999999999999,0.20000000000000018,1.2,A
2025-08-30,2025/26,Chelsea,Fulham,77.77452036738237,1.0,1.0,1.2000000000000002,2.9,0.8000000000000003,H
2025-08-30,2025/26,Man United,Burnley,53.55985716321652,0.20000000000000007,-0.30000000000000004,-0.2999999999999998,3.5,0.0,H
2025-08-30,2025/26,Tottenham,Bournemouth,-39.370486279116676,0.0,-0.5,-0.7000000000000002,-1.2000000000000002,0.19999999999999996,A
2025-08-30,2025/26,Wolves,Everton,-58.34607034091687,-2.1999999999999997,-0.3999999999999999,-0.7,1.0000000000000004,-0.40000000000000013,A
2025-08-30,2025/26,Leeds,Newcastle,-106.79264298323892,0.0,-0.8999999999999999,-2.5999999999999996,-3.5000000000000004,0.0,D
2025-08-31,2025/26,Brighton,Man City,-87.19711390440966,0.0,-0.7999999999999998,-1.0999999999999999,-1.2000000000000002,-0.40000000000000013,H
2025-08-31,2025/26,Nott'm Forest,West Ham,78.39405779758727,0.40000000000000013,0.29999999999999993,0.5,0.2999999999999998,-0.3999999999999999,A
2025-08-31,2025/26,Liverpool,Arsenal,12.592250082054761,-1.0,-0.19999999999999996,-0.6000000000000003,-1.2999999999999998,0.0,H
2025-08-31,2025/26,Aston Villa,Crystal Palace,25.795971673959684,-0.40000000000000013,0.7,1.0999999999999999,0.5999999999999996,1.4000000000000001,A
2025-09-13,2025/26,Brentford,Chelsea,-80.20732351088623,-1.8,-0.5999999999999999,-0.7,-2.2,0.0,D
2025-09-13,2025/26,West Ham,Tottenham,4.078052381139969,0.0,0.40000000000000013,0.7,2.1,-0.20000000000000007,A
2025-09-13,2025/26,Newcastle,Wolves,107.67775763215673,0.2,0.19999999999999996,0.8999999999999999,1.5999999999999996,0.6000000000000001,H
2025-09-13,2025/26,Fulham,Leeds,51.80712592176042,0.19999999999999996,0.20000000000000007,0.6999999999999998,1.5999999999999996,0.8,H
2025-09-13,2025/26,Bournemouth,Brighton,-18.138309918647792,-0.19999999999999996,-0.10000000000000009,-0.2999999999999998,-1.8000000000000003,0.8,H
2025-09-13,2025/26,Arsenal,Nott'm Forest,114.5300249928755,1.0,0.6000000000000001,1.2999999999999998,2.4999999999999996,0.0,H
2025-09-13,2025/26,Everton,Aston Villa,-26.043283107629804,1.5999999999999999,0.2999999999999998,0.19999999999999996,-1.6000000000000005,0.40000000000000013,D
2025-09-14,2025/26,Burnley,Liverpool,-246.02867195267777,-1.4,-1.2,-1.2000000000000002,-4.199999999999999,-0.19999999999999996,A
2025-09-14,2025/26,Man City,Man United,125.20721951323503,0.40000000000000013,1.4000000000000001,1.7999999999999998,0.2999999999999998,2.0,H
2025-09-20,2025/26,Wolves,Leeds,-2.190586534295562,-0.6000000000000001,0.09999999999999998,0.6000000000000002,1.1000000000000005,0.8,A
2025-09-20,2025/26,Man United,Chelsea,-111.03533640599585,-0.8000000000000003,-1.4999999999999998,-1.6,-0.7999999999999998,-0.8,H
2025-09-20,2025/26,West Ham,Crystal Palace,-88.25341591952542,-0.19999999999999996,-0.5,-1.2,-2.5000000000000004,-1.4,A
2025-09-20,2025/26,Fulham,Brentford,-3.7197419751216785,0.0,-0.5999999999999999,-0.7999999999999998,-1.2999999999999998,-0.5999999999999999,H
2025-09-20,2025/26,Brighton,Tottenham,58.070328480032686,-0.40000000000000013,0.7,0.7999999999999998,3.6999999999999993,0.8000000000000003,D
2025-09-20,2025/26,Liverpool,Everton,145.53118314176277,0.6000000000000001,0.30000000000000004,0.30000000000000016,2.1000000000000005,0.40000000000000013,H
2025-09-20,2025/26,Burnley,Nott'm Forest,-102.7696802136411,-0.20000000000000007,-0.3999999999999999,0.0,-2.1,-0.8,D
2025-09-21,2025/26,Bournemouth,Newcastle,-23.84843196059296,1.4,0.5,0.09999999999999987,-0.10000000000000053,1.4,D
2025-09-21,2025/26,Arsenal,Man City,25.339805379828476,0.5999999999999999,-0.20000000000000018,0.09999999999999987,0.19999999999999973,0.0,D
2025-09-27,2025/26,Brentford,Man United,12.13734429132046,-0.5999999999999999,0.2999999999999998,0.30000000000000027,-2.0,1.6,H
2025-09-27,2025/26,Chelsea,Brighton,46.95583584104975,0.6000000000000001,0.19999999999999996,0.30000000000000004,-0.7000000000000002,1.4000000000000001,A
2025-09-27,2025/26,Crystal Palace,Liverpool,-118.0031977020592,-1.2,-0.19999999999999996,0.09999999999999987,2.0999999999999996,-0.40000000000000013,H
2025-09-27,2025/26,Leeds,Bournemouth,-79.98653593111817,-0.6000000000000001,-0.8999999999999999,-1.3,-2.5,-0.19999999999999996,D
2025-09-27,2025/26,Man City,Burnley,203.8640383777306,0.5999999999999999,1.2,1.5,4.5,1.5999999999999999,H
2025-09-27,2025/26,Nott'm Forest,Sunderland,10.902880518197662,-0.6000000000000001,-0.6000000000000001,-1.0,0.39999999999999947,0.30000000000000004,A
2025-09-27,2025/26,Tottenham,Wolves,52.250742482008945,2.0,0.7000000000000001,0.7000000000000002,-2.1000000000000005,0.0,D
2025-09-28,2025/26,Newcastle,Arsenal,-78.14140836618799,-0.8,-0.5,-0.6,-0.09999999999999964,-0.19999999999999996,A
2025-09-28,2025/26,Aston Villa,Fulham,35.16017927090161,-1.0,-0.19999999999999996,-0.10000000000000009,-0.6000000000000001,0.6000000000000001,H
2025-09-29,2025/26,Everton,West Ham,69.7230321560994,0.7999999999999999,0.7,1.1,-0.10000000000000009,-0.19999999999999996,D
2025-10-03,2025/26,Bournemouth,Fulham,24.409699913177974,0.8000000000000003,0.5999999999999999,0.6000000000000001,1.1000000000000005,1.2,H
2025-10-04,2025/26,Leeds,Tottenham,-23.06520268792042,-0.6000000000000001,-0.29999999999999993,-0.8999999999999999,0.5,-0.40000000000000013,A
2025-10-04,2025/26,Arsenal,West Ham,195.22732918967768,1.2,0.8999999999999999,1.5,1.7000000000000002,0.0,H
2025-10-04,2025/26,Man United,Sunderland,-31.92138254092015,-0.20000000000000018,-0.8333333333333333,-1.1,2.333333333333334,0.4666666666666668,H
2025-10-04,2025/26,Chelsea,Liverpool,-95.45362643483918,-1.0,0.0,0.30000000000000004,1.2000000000000002,0.8,H
2025-10-05,2025/26,Aston Villa,Burnley,148.74772979009754,0.19999999999999996,1.0,1.2000000000000002,2.8000000000000003,1.8,H
2025-10-05,2025/26,Everton,Crystal Palace,-52.13107349011375,-0.6000000000000001,-0.19999999999999996,-0.30000000000000016,-2.8,-0.40000000000000013,H
2025-10-05,2025/26,Newcastle,Nott'm Forest,48.460889916053475,0.6,0.0,0.3999999999999999,0.8000000000000003,0.0,H
2025-10-05,2025/26,Wolves,Brighton,-113.63630852651136,-1.2,-1.6,-2.0,-2.5000000000000004,-1.6,D
2025-10-05,2025/26,Brentford,Man City,-109.90435429639933,0.0,-0.6000000000000001,-1.4000000000000001,-1.6000000000000005,0.3999999999999999,A
2025-10-18,2025/26,Man City,Everton,105.03330652711884,0.3999999999999999,0.0,0.6000000000000001,1.6000000000000005,0.5999999999999999,H
2025-10-18,2025/26,Sunderland,Wolves,72.73206383126922,1.2000000000000002,1.2714285714285714,1.442857142857143,-0.27142857142857135,2.1333333333333333,H
2025-10-18,2025/26,Crystal Palace,Bournemouth,16.21362442788086,-0.20000000000000018,0.19999999999999996,0.6000000000000001,2.2999999999999994,0.40000000000000013,D
2025-10-18,2025/26,Fulham,Arsenal,-149.8845176019945,-0.8,-1.1999999999999997,-1.9,-2.6,-0.6000000000000001,A
2025-10-18,2025/26,Brighton,Newcastle,-13.666455055457618,0.0,0.6000000000000001,0.4999999999999998,1.5,1.0,H
2025-10-18,2025/26,Nott'm Forest,Chelsea,-82.28102820439676,-1.2,-0.7999999999999999,-1.1,-1.8000000000000003,-0.5999999999999999,A
2025-10-18,2025/26,Burnley,Leeds,-38.069395094350966,-0.8,-0.5,-0.3999999999999999,-2.4,0.20000000000000007,H
2025-10-19,2025/26,Tottenham,Aston Villa,-74.74225069724025,0.0,-0.10000000000000009,0.09999999999999987,-2.2,-0.19999999999999996,A
2025-10-19,2025/26,Liverpool,Man United,158.32989370187556,0.0,0.3999999999999999,0.5999999999999999,-1.6999999999999997,2.0,A
2025-10-20,2025/26,West Ham,Brentford,-54.08116456027756,0.0,-0.10000000000000009,-0.3999999999999999,-0.40000000000000036,-0.6000000000000001,A
2025-10-24,2025/26,Leeds,West Ham,-4.243417532392414,0.6000000000000001,0.10000000000000009,0.0,0.09999999999999964,-0.3999999999999999,H
2025-10-25,2025/26,Chelsea,Sunderland,74.38018007206142,-0.20000000000000018,0.25,0.525,2.9,1.0,A
2025-10-25,2025/26,Newcastle,Fulham,54.815916001704636,0.19999999999999996,-0.20000000000000007,0.29999999999999993,1.2000000000000002,0.3999999999999999,H
2025-10-25,2025/26,Man United,Brighton,-44.47993588880399,0.19999999999999996,-0.19999999999999996,-0.5,-1.1999999999999993,1.0,H
2025-10-25,2025/26,Brentford,Liverpool,-122.31360678531905,0.19999999999999996,-0.5,-0.40000000000000013,0.09999999999999964,0.19999999999999996,H
2025-10-26,2025/26,Everton,Tottenham,39.95812372104615,-0.6000000000000001,0.30000000000000004,0.09999999999999998,1.0,0.20000000000000018,A
2025-10-26,2025/26,Wolves,Burnley,11.995514600179376,-0.4,-0.39999999999999997,-0.5000000000000002,1.9000000000000004,0.4,A
2025-10-26,2025/26,Bournemouth,Nott'm Forest,57.55428616449217,1.6,1.0,1.3,1.9,1.6,H
2025-10-26,2025/26,Arsenal,Crystal Palace,103.65502264217025,1.0,0.8,0.8,-0.40000000000000036,1.0,H
2025-10-26,2025/26,Aston Villa,Man City,-62.25263067259698,-0.3999999999999999,-0.7000000000000002,-1.5000000000000002,-2.2000000000000006,0.0,H
2025-11-01,2025/26,Brighton,Leeds,100.30553198461803,0.20000000000000018,0.3999999999999999,1.0,1.4999999999999996,1.6,H
2025-11-01,2025/26,Burnley,Arsenal,-237.48948830697645,-1.2000000000000002,-1.5,-1.9999999999999998,-5.0,-1.0,A
2025-11-01,2025/26,Crystal Palace,Brentford,24.888284497238374,-0.40000000000000013,0.0,0.30000000000000004,1.0,1.0,H
2025-11-01,2025/26,Fulham,Wolves,72.33704385567717,0.19999999999999996,0.5,0.4999999999999999,-0.8999999999999995,1.2,H
2025-11-01,2025/26,Nott'm Forest,Man United,-38.59361310936356,-2.1999999999999997,-1.4,-1.6,-3.1,-0.20000000000000007,D
2025-11-01,2025/26,Tottenham,Chelsea,-81.0251382485942,0.40000000000000013,0.0,0.0,-2.0999999999999996,-1.2,A
2025-11-01,2025/26,Liverpool,Aston Villa,40.26831372341849,-2.0,0.10000000000000009,0.29999999999999993,1.4000000000000004,1.0,H
2025-11-02,2025/26,West Ham,Newcastle,-125.5619007355524,-1.2,-0.5,-1.1,-1.4999999999999996,-0.6,H
2025-11-02,2025/26,Man City,Bournemouth,75.27672945449103,0.19999999999999996,-0.20000000000000018,0.5,0.7999999999999998,1.4,H
2025-11-03,2025/26,Sunderland,Everton,19.658784990053164,1.2,0.48888888888888893,0.6444444444444445,-0.766666666666667,1.3,D
2025-11-08,2025/26,Chelsea,Wolves,173.94077825546196,1.4,1.5,2.2,3.2000000000000006,1.2,H
2025-11-08,2025/26,West Ham,Burnley,20.280517078983394,-0.3999999999999999,-0.30000000000000004,-0.40000000000000013,2.0000000000000004,0.0,H
2025-11-08,2025/26,Sunderland,Arsenal,-145.95590524288468,-1.0,-0.7,-1.1,-4.0,-0.19999999999999973,D
2025-11-08,2025/26,Tottenham,Man United,-35.575306738498284,-0.6000000000000001,0.0,0.8,-2.0000000000000004,-0.19999999999999996,D
2025-11-08,2025/26,Everton,Fulham,15.063889826562445,0.4,0.09999999999999987,-0.10000000000000009,-0.10000000000000009,1.4000000000000001,H
2025-11-09,2025/26,Aston Villa,Bournemouth,32.25411996692446,0.7999999999999998,-0.30000000000000004,-0.4,-0.10000000000000009,1.0,H
2025-11-09,2025/26,Brentford,Newcastle,-26.695941717009646,0.6000000000000001,0.10000000000000009,-0.10000000000000009,0.8999999999999999,1.4,H
2025-11-09,2025/26,Crystal Palace,Brighton,8.53014722167336,-0.6000000000000001,0.10000000000000009,0.29999999999999993,0.2999999999999994,1.0,D
2025-11-09,2025/26,Nott'm Forest,Leeds,41.41160674875459,-0.6000000000000001,-0.5000000000000001,-0.4,-1.5,0.20000000000000007,H
2025-11-09,2025/26,Man City,Liverpool,0.9549980778178906,1.7999999999999998,0.09999999999999987,0.7999999999999998,1.0999999999999996,1.2,H
2025-11-22,2025/26,Burnley,Chelsea,-172.63686438142804,-1.2,-0.8999999999999999,-1.5,-6.0,-0.6000000000000001,A
2025-11-22,2025/26,Bournemouth,West Ham,86.65577516597773,0.19999999999999996,0.8,0.8,1.4000000000000004,1.8,D
2025-11-22,2025/26,Brighton,Brentford,24.469454936157945,-0.19999999999999996,-0.10000000000000009,0.0,-0.30000000000000027,1.6,H
2025-11-22,2025/26,Fulham,Sunderland,-40.51307016108103,-1.0,-0.6000000000000001,-0.5,1.1999999999999997,0.6000000000000001,H
2025-11-22,2025/26,Liverpool,Nott'm Forest,136.83860004472263,-0.20000000000000007,0.9,1.0999999999999999,1.3000000000000003,2.0,A
2025-11-22,2025/26,Wolves,Crystal Palace,-150.8561422851676,-0.8,-1.4000000000000001,-1.9,-2.8,-1.2,A
2025-11-22,2025/26,Newcastle,Man City,-105.1270786658456,-1.2,-0.7999999999999998,-1.3999999999999997,-3.3,0.40000000000000013,H
2025-11-23,2025/26,Arsenal,Tottenham,185.39170816515139,1.2000000000000002,0.7999999999999998,0.7999999999999998,4.300000000000001,0.0,H
2025-11-23,2025/26,Leeds,Aston Villa,-153.59008852713055,-1.7999999999999998,-0.8999999999999999,-1.4000000000000001,-1.1,0.6000000000000001,A
2025-11-24,2025/26,Man United,Everton,2.3979153792290617,0.8000000000000003,0.30000000000000004,0.19999999999999996,1.3000000000000003,1.5999999999999999,A
2025-11-29,2025/26,Brentford,Burnley,111.4420381317957,0.6000000000000001,0.6000000000000001,0.9000000000000001,4.3999999999999995,1.4,H
2025-11-29,2025/26,Man City,Leeds,206.13249143565918,1.2000000000000002,1.0999999999999999,1.9,2.4999999999999996,2.4,H
2025-11-29,2025/26,Sunderland,Bournemouth,-15.572458165243916,0.6000000000000001,0.0,0.20000000000000007,-3.1,0.8,H
2025-11-29,2025/26,Everton,Newcastle,-17.741011283979105,0.19999999999999996,0.10000000000000009,0.0,-0.2999999999999994,1.2000000000000002,A
2025-11-29,2025/26,Tottenham,Fulham,-17.128444110359624,-0.3999999999999999,0.0,0.3999999999999999,-1.0000000000000004,0.4,A
2025-11-30,2025/26,Crystal Palace,Man United,55.546087595081644,0.0,0.10000000000000009,0.5999999999999999,0.0,0.8,A
2025-11-30,2025/26,Aston Villa,Wolves,193.8335022657941,2.4,1.8,2.0,1.6999999999999997,2.1999999999999997,H
2025-11-30,2025/26,Nott'm Forest,Brighton,-57.542839520466714,-0.6000000000000001,-1.0,-1.4,-2.0999999999999996,-0.19999999999999996,A
2025-11-30,2025/26,West Ham,Liverpool,-153.5881812329494,0.7999999999999999,-0.09999999999999987,0.19999999999999996,-0.7999999999999998,0.6,A
2025-11-30,2025/26,Chelsea,Arsenal,-77.79472740297706,-0.20000000000000018,-0.3999999999999999,-0.40000000000000013,-0.5,-0.19999999999999996,D
2025-12-02,2025/26,Bournemouth,Everton,6.542213138323632,-0.5999999999999999,0.10000000000000009,0.29999999999999993,2.0,0.8000000000000003,A
2025-12-02,2025/26,Fulham,Man City,-125.75728727593696,0.0,-0.7000000000000002,-1.4000000000000001,-3.3000000000000003,1.5999999999999999,A
2025-12-02,2025/26,Newcastle,Tottenham,90.45357174045375,1.0,0.40000000000000013,0.09999999999999987,0.7999999999999998,0.3999999999999999,D
2025-12-03,2025/26,Liverpool,Sunderland,89.12041408624873,-0.40000000000000013,-0.40000000000000013,-0.6000000000000001,1.6999999999999997,0.40000000000000013,D
2025-12-03,2025/26,Wolves,Nott'm Forest,-97.4312419385576,-1.4,-0.6000000000000001,-0.7000000000000001,-0.9000000000000004,-0.6000000000000001,A
2025-12-03,2025/26,Leeds,Chelsea,-175.06895154839208,-1.4,-1.0,-1.4,-3.4999999999999996,-1.0,H
2025-12-03,2025/26,Brighton,Aston Villa,-26.24943525560502,-0.3999999999999999,-0.4999999999999998,-0.30000000000000004,0.5999999999999996,1.0,A
2025-12-03,2025/26,Burnley,Crystal Palace,-147.82787785607957,-0.7999999999999999,-0.8,-1.3,-3.9999999999999996,-1.0,A
2025-12-03,2025/26,Arsenal,Brentford,146.78142836860934,0.40000000000000013,0.7999999999999998,0.9999999999999998,2.6,2.0,H
2025-12-04,2025/26,Man United,West Ham,74.04362176397217,0.20000000000000018,0.8999999999999999,0.8999999999999997,3.8000000000000003,1.4,D
2025-12-06,2025/26,Aston Villa,Arsenal,-69.88679948383378,0.19999999999999973,0.10000000000000009,-0.20000000000000018,-3.3999999999999995,0.7999999999999998,H
2025-12-06,2025/26,Bournemouth,Chelsea,-69.03161181663495,-1.8,-0.6000000000000001,-0.8,-2.499999999999999,-0.19999999999999996,D
2025-12-06,2025/26,Everton,Nott'm Forest,29.44137841092538,0.0,0.2999999999999998,0.0,-1.399999999999999,0.0,H
2025-12-06,2025/26,Man City,Sunderland,110.70623700804754,1.2,0.6000000000000001,1.0,4.0,1.6,H
2025-12-06,2025/26,Newcastle,Burnley,159.04331339357645,1.4,0.7,1.1,2.6999999999999997,1.4,H
2025-12-06,2025/26,Tottenham,Brentford,-48.41672842118055,-0.7999999999999999,-0.5,-0.30000000000000004,-2.6,-0.19999999999999996,H
2025-12-06,2025/26,Leeds,Liverpool,-178.4954146076111,-0.7999999999999999,0.0,0.0,0.8000000000000007,0.7999999999999999,D
2025-12-07,2025/26,Brighton,West Ham,107.34336214736777,0.3999999999999999,0.9,1.1,3.499999999999999,1.4,D
2025-12-07,2025/26,Fulham,Crystal Palace,-58.754529946963885,-0.19999999999999996,-0.5,-0.5999999999999999,-0.10000000000000053,0.0,A
2025-12-08,2025/26,Wolves,Man United,-132.41937616180894,-1.2,-1.6,-1.9000000000000001,-3.6000000000000005,-1.4000000000000001,A
2025-12-13,2025/26,Chelsea,Everton,44.04854321792277,-0.7999999999999998,0.0,0.5,4.0,0.0,H
2025-12-13,2025/26,Liverpool,Brighton,54.45156977535544,-0.6000000000000001,-1.0,-1.1999999999999997,-1.6999999999999993,-0.20000000000000018,H
2025-12-13,2025/26,Burnley,Fulham,-98.50305962917196,-1.2,-0.30000000000000004,-0.6000000000000001,-2.7,0.20000000000000007,A
2025-12-13,2025/26,Arsenal,Wolves,288.8077119576724,1.6,2.0999999999999996,2.7,7.300000000000001,2.4,H
2025-12-14,2025/26,Crystal Palace,Man City,-78.67344549241875,-0.3999999999999999,-0.7,-1.1,-2.8,0.20000000000000018,A
2025-12-14,2025/26,Nott'm Forest,Tottenham,11.516254609201496,0.8,-0.19999999999999996,-0.7000000000000001,0.19999999999999885,-0.8,H
2025-12-14,2025/26,Sunderland,Newcastle,-33.474019285304394,-1.0,-0.10000000000000009,-0.30000000000000004,-2.7,1.0,H
2025-12-14,2025/26,West Ham,Aston Villa,-161.33837203792245,-1.8,-1.7000000000000002,-1.5000000000000002,-3.1000000000000005,-0.8,A
2025-12-14,2025/26,Brentford,Leeds,74.247917513321,0.3999999999999999,0.7,0.8000000000000003,0.5999999999999996,1.7999999999999998,D
2025-12-15,2025/26,Man United,Bournemouth,12.620661306558532,1.2000000000000002,0.8,1.0,2.3000000000000007,1.6,D
2025-12-20,2025/26,Leeds,Crystal Palace,-118.51840635197914,-0.8,-0.5999999999999999,-0.7000000000000002,-0.20000000000000062,-0.40000000000000013,H
2025-12-20,2025/26,Everton,Arsenal,-138.11435842340393,-0.19999999999999996,-0.6999999999999997,-1.3,-6.0,0.19999999999999996,A
2025-12-20,2025/26,Tottenham,Liverpool,-141.55255296010887,-0.8,0.0,0.0,-1.100000000000001,0.0,A
2025-12-20,2025/26,Wolves,Brentford,-132.00106819728535,-0.8,-1.2,-1.6000000000000003,-2.8000000000000007,-0.39999999999999997,A
2025-12-20,2025/26,Man City,West Ham,207.8802991065902,1.7999999999999998,1.5,1.9,5.0,2.4,H
2025-12-20,2025/26,Brighton,Sunderland,12.68078080083319,0.0,0.0,0.30000000000000027,2.3000000000000007,1.2,D
2025-12-20,2025/26,Bournemouth,Burnley,133.2430504493791,0.6,0.4,0.3999999999999999,1.9000000000000004,1.0,D
2025-12-20,2025/26,Newcastle,Chelsea,-39.25199699359882,0.3999999999999999,-0.3999999999999999,-0.7000000000000002,-1.7999999999999998,0.6000000000000001,D
2025-12-21,2025/26,Aston Villa,Man United,100.40347795111506,1.4,0.8000000000000003,0.20000000000000018,-1.6999999999999997,0.7999999999999998,H
2025-12-22,2025/26,Fulham,Nott'm Forest,-2.917050984487787,0.0,-0.10000000000000009,0.10000000000000009,0.20000000000000107,0.0,H
2025-12-26,2025/26,Man United,Newcastle,-30.880137406526956,0.0,0.20000000000000018,0.5000000000000002,1.5999999999999996,1.0,H
2025-12-27,2025/26,West Ham,Fulham,-61.71030027652159,-1.4,-0.6,-0.7,-1.9999999999999996,0.0,A
2025-12-27,2025/26,Liverpool,Wolves,255.83438208099597,2.2,1.4,1.7999999999999998,3.0000000000000004,1.4,H
2025-12-27,2025/26,Burnley,Everton,-135.71405597213288,-1.0,-0.6000000000000001,-0.29999999999999993,0.8000000000000003,-0.7999999999999999,D
2025-12-27,2025/26,Chelsea,Aston Villa,-40.44938819204867,-1.8,-0.9000000000000001,-0.19999999999999996,2.4000000000000004,-0.3999999999999999,A
2025-12-27,2025/26,Arsenal,Brighton,131.30245659485217,1.0,0.7999999999999998,0.8,3.6999999999999997,2.0,H
2025-12-27,2025/26,Nott'm Forest,Man City,-167.0457796081223,-1.8,-1.0999999999999999,-1.8,-2.9000000000000004,-0.40000000000000013,A
2025-12-27,2025/26,Brentford,Bournemouth,4.892329482209107,0.7999999999999999,0.8,0.8,0.6000000000000001,1.6,H
2025-12-28,2025/26,Sunderland,Leeds,84.68551207536507,0.0,0.5,0.3999999999999999,-1.4000000000000004,2.0,D
2025-12-28,2025/26,Crystal Palace,Tottenham,81.03279866165235,0.3999999999999999,0.5999999999999999,0.30000000000000004,0.6000000000000001,-0.3999999999999999,A
2025-12-30,2025/26,Burnley,Newcastle,-150.57710877419868,-0.6,-0.8999999999999999,-0.8999999999999999,-2.5000000000000004,-0.39999999999999997,A
2025-12-30,2025/26,Chelsea,Bournemouth,76.78275426450318,0.4,0.8,1.3,0.9999999999999996,1.2,D
2025-12-30,2025/26,Nott'm Forest,Everton,-34.79201849430842,-0.19999999999999996,-0.09999999999999987,0.20000000000000007,0.9000000000000004,-0.20000000000000018,A
2025-12-30,2025/26,West Ham,Brighton,-105.15865814255153,0.0,-0.29999999999999993,-0.5,-1.3000000000000003,0.3999999999999999,D
2025-12-30,2025/26,Arsenal,Aston Villa,41.053525591824155,-0.6000000000000001,-0.40000000000000036,0.0,2.8,0.6000000000000001,H
2025-12-30,2025/26,Man United,Wolves,162.84557980854652,1.6,1.6,2.3,5.699999999999999,1.6,D
2026-01-01,2025/26,Sunderland,Man City,-134.24082472451914,-1.8,-1.0,-1.5999999999999999,-4.2,0.0,D
2026-01-01,2025/26,Crystal Palace,Fulham,16.625826320031592,-0.6000000000000001,-0.5,-0.6,-1.5999999999999996,-1.0,D
2026-01-01,2025/26,Liverpool,Leeds,169.94489395141977,0.40000000000000013,0.5,0.19999999999999996,-0.40000000000000036,1.6,D
2026-01-01,2025/26,Brentford,Tottenham,43.326270146566685,0.0,0.5,0.6000000000000001,1.0000000000000004,1.2000000000000002,D
2026-01-03,2025/26,Wolves,West Ham,-66.26430335595774,-0.2,-0.9,-1.3,-1.4000000000000004,-0.6,H
2026-01-03,2025/26,Bournemouth,Arsenal,-182.83529526095026,-1.5999999999999999,-1.7999999999999998,-2.3,-2.9,-0.40000000000000013,A
2026-01-03,2025/26,Aston Villa,Nott'm Forest,158.11956435281263,1.7999999999999998,1.0999999999999999,0.6000000000000001,-0.19999999999999973,1.8,H
2026-01-03,2025/26,Brighton,Burnley,157.12600161670662,0.19999999999999996,1.1,1.4,2.1999999999999997,0.8,H
2026-01-04,2025/26,Leeds,Man United,-59.9151989599211,-0.20000000000000018,-0.3999999999999999,-0.5,-2.599999999999999,0.3999999999999999,D
2026-01-04,2025/26,Everton,Brentford,10.996220294897284,-0.20000000000000018,0.30000000000000004,0.10000000000000009,-0.20000000000000018,0.6,A
2026-01-04,2025/26,Newcastle,Crystal Palace,16.1509445080319,0.5999999999999999,0.0,0.2999999999999998,2.3999999999999995,0.40000000000000013,H
2026-01-04,2025/26,Tottenham,Sunderland,-51.96326596485028,0.19999999999999996,-0.29999999999999993,-0.4,-0.10000000000000009,-0.19999999999999996,D
2026-01-04,2025/26,Fulham,Liverpool,-101.21251417367057,-0.20000000000000018,0.09999999999999987,0.19999999999999996,0.6000000000000001,0.40000000000000013,D
2026-01-04,2025/26,Man City,Chelsea,89.7196429387534,1.4000000000000001,0.8999999999999999,1.1,1.5999999999999996,1.4,D
2026-01-06,2025/26,West Ham,Nott'm Forest,-44.55078464178837,-0.39999999999999997,-0.5,-0.7,-4.2,-0.3999999999999999,A
2026-01-07,2025/26,Newcastle,Leeds,93.42178217524247,0.0,0.5999999999999999,0.40000000000000013,1.7999999999999998,1.6,H
2026-01-07,2025/26,Fulham,Chelsea,-59.16705112656018,1.0000000000000002,0.30000000000000004,-0.2999999999999998,0.40000000000000036,0.19999999999999996,H
2026-01-07,2025/26,Everton,Wolves,139.11428490274443,0.0,1.2000000000000002,1.2,1.2000000000000006,1.0,D
2026-01-07,2025/26,Burnley,Man United,-144.27343111360233,-0.7999999999999999,-1.2,-1.5,-3.4000000000000004,-1.4000000000000001,D
2026-01-07,2025/26,Brentford,Sunderland,-2.6313823758844137,0.8000000000000003,0.5,0.8000000000000002,0.9999999999999996,1.6,H
2026-01-07,2025/26,Crystal Palace,Aston Villa,-114.42723134279936,-2.1999999999999997,-1.6,-1.5999999999999999,-2.1999999999999997,-2.0,D
2026-01-07,2025/26,Bournemouth,Tottenham,16.609169142738892,-0.4,-0.5,-0.5,1.1999999999999997,-0.4,H
2026-01-07,2025/26,Man City,Brighton,117.40708245440237,1.2000000000000002,0.9999999999999998,1.2999999999999998,2.6000000000000005,1.6,D
2026-01-08,2025/26,Arsenal,Liverpool,76.40302689986447,0.7999999999999998,0.6999999999999997,1.1,2.8000000000000003,1.4,D
2026-01-17,2025/26,Man United,Man City,-136.84334282474697,-0.6000000000000001,-0.7000000000000002,-0.8,1.0,-0.8,H
2026-01-17,2025/26,Chelsea,Brentford,28.43281760034438,-2.0,-0.5999999999999999,-0.7,0.30000000000000027,0.40000000000000013,H
2026-01-17,2025/26,Leeds,Fulham,-74.1502843227563,-1.0000000000000002,-0.8999999999999999,-0.20000000000000018,0.0,-0.3999999999999999,H
2026-01-17,2025/26,Sunderland,Crystal Palace,1.8467055920125404,0.4,0.0,0.09999999999999987,0.1999999999999993,0.0,H
2026-01-17,2025/26,Tottenham,West Ham,59.06511954061534,0.8,0.5,0.5000000000000002,2.8,0.4,A
2026-01-17,2025/26,Nott'm Forest,Arsenal,-210.3737572203229,-2.0,-1.0999999999999999,-1.4,-2.0,-0.40000000000000013,D
2026-01-17,2025/26,Liverpool,Burnley,242.88524739679997,1.2000000000000002,1.4,1.3999999999999997,2.8,1.4000000000000001,D
2026-01-18,2025/26,Wolves,Newcastle,-175.5265230070363,-1.0,-1.5,-1.6,-4.1,-0.6,D
2026-01-18,2025/26,Aston Villa,Everton,121.95156347466855,1.0,1.1,0.7,0.899999999999999,1.0,A
2026-01-19,2025/26,Brighton,Bournemouth,41.02258914426693,0.19999999999999996,0.5,0.6000000000000001,-1.8999999999999995,1.2000000000000002,D
2026-01-24,2025/26,Man City,Wolves,255.25449750264806,0.0,1.5,1.5999999999999999,2.3,1.8000000000000003,H
2026-01-24,2025/26,Bournemouth,Liverpool,-105.69667764901783,-0.3999999999999999,-1.0,-1.1,-1.6,-0.8,H
2026-01-24,2025/26,Burnley,Tottenham,-74.74655604542272,-0.4,-0.5,-0.5000000000000001,-3.5,-0.6,D
2026-01-24,2025/26,West Ham,Sunderland,-105.89700168699414,-0.3999999999999999,-0.7999999999999999,-0.7,-2.2,-0.39999999999999997,H
2026-01-24,2025/26,Fulham,Brighton,-25.664581482151107,0.40000000000000013,0.5999999999999999,0.19999999999999996,0.3000000000000007,0.3999999999999999,H
2026-01-25,2025/26,Brentford,Nott'm Forest,48.02878174527336,1.2,0.7,1.1999999999999997,-0.7999999999999998,1.0000000000000002,A
2026-01-25,2025/26,Crystal Palace,Chelsea,-60.122179599670744,-0.6,-0.30000000000000004,-0.9000000000000001,-1.2000000000000006,-0.19999999999999996,A
2026-01-25,2025/26,Newcastle,Aston Villa,-63.588989082527405,0.6000000000000001,-0.40000000000000013,0.2999999999999998,2.8000000000000003,0.20000000000000018,A
2026-01-25,2025/26,Arsenal,Man United,156.04804816674005,0.40000000000000013,0.40000000000000013,0.20000000000000018,-0.5,1.0,A
2026-01-26,2025/26,Everton,Leeds,62.75626485059979,0.40000000000000013,0.0,-0.4999999999999998,-1.6000000000000005,0.20000000000000007,D
2026-01-31,2025/26,Brighton,Everton,10.622717469268537,-0.40000000000000013,-0.7,-0.5000000000000001,-0.3999999999999999,-0.8,D
2026-01-31,2025/26,Leeds,Arsenal,-202.29153733560474,-0.40000000000000013,-0.5,-0.19999999999999996,-1.4000000000000004,0.6000000000000001,A
2026-01-31,2025/26,Wolves,Bournemouth,-135.3471473782115,-0.40000000000000013,-0.5000000000000001,-0.3999999999999999,-0.9999999999999996,0.20000000000000007,A
2026-01-31,2025/26,Chelsea,West Ham,146.3786173205665,0.20000000000000018,0.4,0.8,0.5999999999999996,0.6000000000000001,H
2026-01-31,2025/26,Liverpool,Newcastle,56.41278293178857,-1.2,0.0,0.10000000000000009,-0.8999999999999999,0.40000000000000013,H
2026-02-01,2025/26,Tottenham,Man City,-185.638385609926,-0.6,-1.1,-1.4000000000000001,-0.20000000000000018,-1.2,D
2026-02-01,2025/26,Nott'm Forest,Crystal Palace,-8.346644890964399,0.9999999999999999,0.5,0.8,2.7,-0.3999999999999999,D
2026-02-01,2025/26,Man United,Fulham,18.333637905109526,0.19999999999999996,0.0,0.40000000000000013,3.1999999999999993,-0.19999999999999996,H
2026-02-01,2025/26,Aston Villa,Brentford,110.98924969351401,0.0,0.8000000000000003,0.30000000000000004,1.0999999999999996,1.2,A
2026-02-02,2025/26,Sunderland,Burnley,136.4385220984625,0.4,0.6000000000000001,0.09999999999999987,2.8999999999999995,1.8000000000000003,H
2026-02-06,2025/26,Leeds,Nott'm Forest,-33.251292399284694,-0.6000000000000001,0.09999999999999987,0.19999999999999996,4.440892098500626e-16,0.40000000000000013,H
2026-02-07,2025/26,Man United,Tottenham,90.18696009397831,1.6,0.8999999999999999,1.0000000000000002,0.7000000000000002,1.2000000000000002,H
2026-02-07,2025/26,Arsenal,Sunderland,149.5689264003313,0.20000000000000018,0.7,1.1999999999999997,3.3,1.6,H
2026-02-07,2025/26,Bournemouth,Aston Villa,-87.62695374930263,0.6000000000000001,-0.5,-0.30000000000000004,-0.40000000000000036,-0.3999999999999999,D
2026-02-07,2025/26,Burnley,West Ham,-53.37630718703963,-0.6,-0.30000000000000004,-0.19999999999999996,-2.5,-0.20000000000000007,A
2026-02-07,2025/26,Fulham,Everton,-6.799923689323123,0.19999999999999996,0.3999999999999999,0.09999999999999987,-0.3999999999999999,0.3999999999999999,A
2026-02-07,2025/26,Wolves,Chelsea,-213.4044461747303,-1.0,-1.0,-1.3,0.6000000000000001,-0.3999999999999999,A
2026-02-07,2025/26,Newcastle,Brentford,6.278293665286583,-0.40000000000000013,-0.30000000000000004,-0.6000000000000001,1.4000000000000008,0.19999999999999996,A
2026-02-08,2025/26,Liverpool,Man City,-32.19297500183893,0.0,-0.19999999999999996,-0.3999999999999999,0.5000000000000004,0.6000000000000001,A
2026-02-08,2025/26,Brighton,Crystal Palace,26.156972758583834,0.7999999999999999,0.30000000000000004,0.9000000000000001,0.9999999999999996,0.5999999999999999,A
2026-02-10,2025/26,Tottenham,Newcastle,-70.6041179412814,-0.4,-0.40000000000000013,-0.3999999999999999,8.881784197001252e-16,0.19999999999999996,A
2026-02-10,2025/26,West Ham,Man United,-114.79269890580167,-0.8,-0.8999999999999999,-1.1,-4.7,-0.8,D
2026-02-10,2025/26,Chelsea,Leeds,124.48045176426035,1.0,0.40000000000000013,0.5999999999999999,-1.0,1.2,D
2026-02-10,2025/26,Everton,Bournemouth,9.286703587764123,-0.40000000000000013,-0.09999999999999987,-0.10000000000000009,-0.7999999999999998,-0.19999999999999996,A
2026-02-11,2025/26,Aston Villa,Brighton,94.09038164838034,0.4,0.8999999999999999,0.4999999999999999,0.8999999999999995,1.4,H
2026-02-11,2025/26,Crystal Palace,Burnley,148.40872972823377,0.4,0.09999999999999998,-0.1000000000000002,2.1999999999999993,0.0,A
2026-02-11,2025/26,Man City,Fulham,144.7359731335805,0.40000000000000013,0.19999999999999996,0.6000000000000001,1.5999999999999996,0.8000000000000003,H
2026-02-11,2025/26,Nott'm Forest,Wolves,115.41373631325723,1.2000000000000002,0.5000000000000001,0.5,0.5,0.6,D
2026-02-11,2025/26,Sunderland,Liverpool,-76.3666145158561,0.19999999999999996,-0.30000000000000004,-0.7999999999999999,-1.4,1.0000000000000002,A
2026-02-12,2025/26,Brentford,Arsenal,-135.9623729389018,0.19999999999999996,-0.2999999999999998,-0.5,-2.4999999999999996,-0.3999999999999999,D
2026-02-18,2025/26,Wolves,Arsenal,-303.7190299025069,-1.2000000000000002,-1.4000000000000001,-1.8,-3.2,-1.4000000000000001,D
2026-02-21,2025/26,Aston Villa,Leeds,144.10841204883627,-0.20000000000000018,0.30000000000000004,0.09999999999999987,-0.20000000000000018,1.0,D
2026-02-21,2025/26,Brentford,Brighton,32.884542950729156,0.9999999999999999,1.2,1.0,0.8000000000000003,1.2000000000000002,A
2026-02-21,2025/26,Chelsea,Burnley,204.91029804002483,1.6,0.8,1.3,3.5,0.6000000000000001,D
2026-02-21,2025/26,West Ham,Bournemouth,-94.4022925643485,-0.20000000000000018,-0.5,-0.5,-2.0000000000000004,-0.6000000000000001,D
2026-02-21,2025/26,Man City,Newcastle,119.83934316409614,1.2,0.5,0.8999999999999999,0.399999999999999,0.8000000000000003,H
2026-02-22,2025/26,Tottenham,Arsenal,-225.5474989433269,-1.2000000000000002,-1.2,-1.6,-2.1,-1.4,A
2026-02-22,2025/26,Sunderland,Fulham,9.756054783425725,0.6,-0.3999999999999999,-0.30000000000000004,0.19999999999999973,0.8,A
2026-02-22,2025/26,Crystal Palace,Wolves,122.29193265223489,0.4,-0.20000000000000007,-0.4999999999999999,-0.9999999999999991,-0.19999999999999996,H
2026-02-22,2025/26,Nott'm Forest,Liverpool,-126.88967886340333,-0.19999999999999996,-0.7000000000000001,-0.8999999999999999,-0.20000000000000018,-1.0,A
2026-02-23,2025/26,Everton,Man United,-31.911890692165798,-1.0,-0.5999999999999999,-0.5999999999999999,-2.7,-0.7999999999999999,A
2026-02-27,2025/26,Wolves,Aston Villa,-238.78908301032516,-1.2000000000000002,-0.7,-0.5,0.0,-0.6000000000000001,H
2026-02-28,2025/26,Bournemouth,Sunderland,38.464583994068335,1.6,0.7000000000000001,0.7999999999999999,0.8999999999999999,1.2000000000000002,D
2026-02-28,2025/26,Burnley,Brentford,-142.3491100132444,-0.3999999999999999,-0.8999999999999999,-1.2000000000000002,-3.6999999999999993,-1.7999999999999998,A
2026-02-28,2025/26,Liverpool,West Ham,169.46836363317925,0.19999999999999996,0.40000000000000013,0.4999999999999998,2.8,0.40000000000000013,H
2026-02-28,2025/26,Newcastle,Everton,17.2977154537748,-0.4,0.0,-0.19999999999999996,0.2999999999999998,-0.8000000000000003,A
2026-02-28,2025/26,Leeds,Man City,-181.08484393376375,-1.4000000000000001,-0.7,-0.7999999999999999,-1.0,0.3999999999999999,A
2026-03-01,2025/26,Brighton,Nott'm Forest,53.791411447182554,-0.19999999999999996,0.09999999999999998,0.5,-0.20000000000000018,0.0,H
2026-03-01,2025/26,Fulham,Tottenham,73.23172855088842,0.7999999999999999,0.7,0.5999999999999999,-0.5,1.0,H
2026-03-01,2025/26,Man United,Crystal Palace,59.56653462204554,1.2000000000000002,1.3000000000000003,1.2999999999999998,3.7,1.8,H
2026-03-01,2025/26,Arsenal,Chelsea,94.0716495258539,0.0,0.2999999999999998,0.7999999999999998,3.4000000000000012,0.3999999999999999,H
2026-03-03,2025/26,Wolves,Liverpool,-229.6946759920677,-1.4,-0.6000000000000001,-0.7999999999999999,-1.5999999999999996,-0.6000000000000001,H
2026-03-03,2025/26,Leeds,Sunderland,-28.879842865078217,0.19999999999999996,0.20000000000000007,0.4,-0.7000000000000002,0.9999999999999999,A
2026-03-03,2025/26,Everton,Burnley,142.33485246966188,0.5999999999999999,0.8,1.0,3.1999999999999997,-0.6,H
2026-03-03,2025/26,Bournemouth,Brentford,-5.840573232459519,-0.19999999999999996,0.0,0.19999999999999973,-0.2999999999999998,-0.7999999999999998,D
2026-03-04,2025/26,Aston Villa,Chelsea,21.59486769021919,-0.6000000000000001,-0.40000000000000013,-0.7000000000000001,0.2999999999999998,0.0,A
2026-03-04,2025/26,Brighton,Arsenal,-150.44158985612216,-0.8000000000000003,-0.5999999999999999,-0.9000000000000001,-1.5,-0.19999999999999996,A
2026-03-04,2025/26,Fulham,West Ham,78.72622625697318,0.19999999999999996,0.19999999999999996,0.19999999999999996,1.6999999999999997,0.8,A
2026-03-04,2025/26,Man City,Nott'm Forest,202.6830790821448,2.2,0.9999999999999999,1.0999999999999999,4.440892098500626e-16,1.0000000000000002,D
2026-03-04,2025/26,Newcastle,Man United,-55.1046702166916,-2.0,-0.9000000000000001,-1.0,-2.3,-0.6000000000000001,H
2026-03-05,2025/26,Tottenham,Crystal Palace,-66.63376357343668,-1.2,-0.5,-0.4,1.8000000000000007,-0.4,A
2026-03-14,2025/26,Burnley,Bournemouth,-155.0647976388002,-0.5999999999999999,-1.0,-1.3,-3.4,-1.4,D
2026-03-14,2025/26,Sunderland,Brighton,-11.939033005528017,-0.3999999999999999,-0.09999999999999987,-0.7000000000000001,-1.4999999999999996,0.3999999999999999,A
2026-03-14,2025/26,Arsenal,Everton,160.00260839429006,0.40000000000000013,0.3999999999999999,1.0,2.1000000000000005,-0.6000000000000001,H
2026-03-14,2025/26,Chelsea,Newcastle,61.09010473769831,0.40000000000000013,0.5,1.0999999999999999,-0.10000000000000053,0.40000000000000013,A
2026-03-14,2025/26,West Ham,Man City,-206.2606388315146,-1.0,-0.5,-0.8000000000000003,-2.5,-0.40000000000000013,D
2026-03-15,2025/26,Liverpool,Tottenham,180.36553158860488,1.8,1.2,1.5999999999999999,1.9000000000000004,1.2000000000000002,D
2026-03-15,2025/26,Nott'm Forest,Fulham,-34.786867256665346,-0.7999999999999999,-0.30000000000000004,-0.09999999999999987,-4.440892098500626e-16,-0.20000000000000007,D
2026-03-15,2025/26,Man United,Aston Villa,-22.686033792475882,1.0,0.9000000000000001,0.9,3.1,1.6,H
2026-03-15,2025/26,Crystal Palace,Leeds,48.08727776680712,0.8,0.10000000000000009,0.10000000000000031,-0.9999999999999996,0.19999999999999996,D
2026-03-16,2025/26,Brentford,Wolves,138.538169228799,0.0,0.7,0.6000000000000001,1.7999999999999998,0.4,D
2026-03-20,2025/26,Bournemouth,Man United,-41.79188687960732,-0.6000000000000001,-0.4999999999999998,-0.3999999999999999,-3.3,0.19999999999999996,D
2026-03-21,2025/26,Brighton,Liverpool,-62.22925133017975,-0.19999999999999996,-0.30000000000000004,-0.5,-0.6999999999999997,-0.3999999999999999,H
2026-03-21,2025/26,Fulham,Burnley,125.71736282028178,0.3999999999999999,0.5,0.5,3.3,0.8,H
2026-03-21,2025/26,Everton,Chelsea,-50.15982546539203,0.19999999999999996,-0.19999999999999996,-0.6000000000000001,-0.2999999999999998,-0.8,H
2026-03-21,2025/26,Leeds,Brentford,-71.92507346954062,-0.6,-0.5,-0.3999999999999999,-0.7000000000000002,-0.8,D
2026-03-22,2025/26,Newcastle,Sunderland,40.03452675522112,1.0,0.30000000000000004,0.30000000000000016,0.40000000000000036,0.3999999999999999,A
2026-03-22,2025/26,Aston Villa,West Ham,118.51172467962215,-0.3999999999999999,-0.6,-0.7000000000000002,0.8999999999999999,-1.0,H
2026-03-22,2025/26,Tottenham,Nott'm Forest,-40.430226611431635,-0.39999999999999997,-0.8,-0.9999999999999999,-0.09999999999999964,-1.2,A
2026-04-10,2025/26,West Ham,Wolves,44.60583244811346,-0.6000000000000001,0.5,0.4,-0.40000000000000036,0.6,H
2026-04-11,2025/26,Liverpool,Fulham,76.54075692461561,-0.6000000000000001,0.09999999999999987,0.5,1.6999999999999997,0.8,H
2026-04-11,2025/26,Burnley,Brighton,-170.3803534189592,-2.0,-0.7,-0.9999999999999999,-4.0,-0.7999999999999999,A
2026-04-11,2025/26,Brentford,Everton,1.3240984597166516,-0.6000000000000001,-0.3999999999999999,-0.6999999999999997,-0.6000000000000005,-1.0,D
2026-04-11,2025/26,Arsenal,Bournemouth,164.37583142760468,1.6,0.5,0.9000000000000001,1.9,0.19999999999999996,A
2026-04-12,2025/26,Crystal Palace,Newcastle,-21.451347878701654,0.19999999999999996,0.19999999999999996,0.5000000000000002,-0.7000000000000006,-0.3999999999999999,H
2026-04-12,2025/26,Nott'm Forest,Aston Villa,-101.56937647398877,0.19999999999999996,0.0,0.5,-0.10000000000000009,-0.19999999999999996,D
2026-04-12,2025/26,Sunderland,Tottenham,94.82993628533973,1.2,1.0,1.0,0.7000000000000006,0.7999999999999999,H
2026-04-12,2025/26,Chelsea,Man City,-90.91370945385393,-1.4000000000000001,-0.19999999999999996,-0.10000000000000009,-1.8999999999999995,0.0,A
2026-04-13,2025/26,Man United,Leeds,107.45849071308885,1.4,1.1999999999999997,1.2,2.5000000000000004,2.2,A
2026-04-18,2025/26,Brentford,Fulham,29.505604767474097,0.0,0.09999999999999987,0.10000000000000009,-0.9999999999999996,-0.20000000000000007,D
2026-04-18,2025/26,Leeds,Wolves,78.18319823850288,-0.3999999999999999,0.20000000000000007,0.5,1.0999999999999996,0.4,H
2026-04-18,2025/26,Newcastle,Bournemouth,-26.036049393930853,-0.19999999999999996,-0.9,-1.2,-1.3000000000000007,-1.6,A
2026-04-18,2025/26,Tottenham,Brighton,-139.5227000820271,-2.1999999999999997,-1.3,-1.6000000000000003,-1.2999999999999994,-1.6,D
2026-04-18,2025/26,Chelsea,Man United,-1.4518477395504306,-0.7999999999999999,-0.6000000000000001,-0.5999999999999999,-2.9999999999999996,-0.6000000000000001,A
2026-04-19,2025/26,Nott'm Forest,Burnley,113.2724288688878,1.0,0.5000000000000001,1.2000000000000002,2.3000000000000007,0.0,H
2026-04-19,2025/26,Man City,Arsenal,-12.639671210380811,-0.19999999999999973,0.10000000000000009,-0.30000000000000016,-0.30000000000000027,0.0,H
2026-04-19,2025/26,Aston Villa,Sunderland,61.287272646801966,-1.2,-0.10000000000000009,0.0,1.0999999999999996,0.0,H
2026-04-19,2025/26,Everton,Liverpool,-57.38655787935818,0.6000000000000001,-0.10000000000000009,-0.2999999999999998,0.20000000000000018,0.19999999999999996,A
2026-04-20,2025/26,Crystal Palace,West Ham,55.555500800925984,0.6000000000000001,-0.10000000000000009,-0.30000000000000004,-0.10000000000000009,0.19999999999999996,D
2026-04-21,2025/26,Brighton,Chelsea,5.503851435457591,1.4,0.5999999999999999,0.7,1.1000000000000005,-0.40000000000000013,H
2026-04-22,2025/26,Bournemouth,Leeds,70.58395161694375,0.19999999999999996,0.5,0.5,0.7999999999999994,0.0,D
2026-04-22,2025/26,Burnley,Man City,-311.32067531426947,-2.0,-1.9,-2.5999999999999996,-3.6,-1.8000000000000003,A
2026-04-24,2025/26,Sunderland,Nott'm Forest,25.867323787850182,0.0,0.19999999999999996,-0.3999999999999999,-1.0,-0.19999999999999996,A
2026-04-25,2025/26,Fulham,Aston Villa,-79.97819973804712,-0.3999999999999999,-0.09999999999999987,0.10000000000000031,0.0999999999999992,0.8,H
2026-04-25,2025/26,Liverpool,Crystal Palace,91.7215754825911,-0.20000000000000018,0.3999999999999999,0.7,2.1000000000000005,0.6000000000000001,H
2026-04-25,2025/26,West Ham,Everton,-63.32305966281797,0.20000000000000018,-0.09999999999999987,-0.09999999999999987,-1.9999999999999996,0.19999999999999996,H
2026-04-25,2025/26,Wolves,Tottenham,-20.264390632010645,0.9999999999999999,0.6000000000000001,0.40000000000000024,-1.1999999999999997,0.9999999999999999,A
2026-04-25,2025/26,Arsenal,Newcastle,161.364308410464,0.6000000000000001,1.1,1.8000000000000003,1.9,0.6000000000000001,H
2026-04-27,2025/26,Man United,Brentford,37.6782821529514,0.3999999999999999,0.5,0.4999999999999998,2.4000000000000004,0.19999999999999973,H
2026-05-01,2025/26,Leeds,Burnley,130.10770269800832,1.6,0.8999999999999999,1.6,1.5000000000000004,0.5999999999999999,H
2026-05-02,2025/26,Arsenal,Fulham,155.9507626803943,0.19999999999999996,0.6000000000000001,1.0,0.5000000000000004,1.4,H
2026-05-02,2025/26,Newcastle,Brighton,-54.572694043581805,-2.0,-0.9999999999999999,-1.0999999999999999,-1.6999999999999997,-1.4,H
2026-05-02,2025/26,Brentford,West Ham,51.351788271835176,-0.8,-0.40000000000000013,-0.3999999999999999,1.0000000000000004,-0.5999999999999999,H
2026-05-02,2025/26,Wolves,Sunderland,-116.55060862063942,-0.3999999999999999,-0.09999999999999998,0.19999999999999996,-0.8999999999999995,0.0,D
2026-05-03,2025/26,Bournemouth,Crystal Palace,46.18038781741029,0.19999999999999996,0.10000000000000009,0.20000000000000007,1.8999999999999995,-0.3999999999999999,H
2026-05-03,2025/26,Man United,Liverpool,-33.104584808221716,0.0,0.10000000000000009,-0.09999999999999987,2.2000000000000006,0.5999999999999999,H
2026-05-03,2025/26,Aston Villa,Tottenham,150.4325849078889,0.3999999999999999,0.7,0.7999999999999998,0.0,1.2,A
2026-05-04,2025/26,Chelsea,Nott'm Forest,37.25792741463988,-2.2,-0.5,-1.4,-2.2000000000000006,-0.9999999999999999,A
2026-05-04,2025/26,Everton,Man City,-161.63170270184514,-1.4000000000000001,-1.0999999999999999,-0.9999999999999998,-2.1999999999999997,-1.4000000000000001,D
2026-05-09,2025/26,Sunderland,Man United,-87.26382282176314,-0.6000000000000001,-0.8999999999999999,-1.2,-3.0999999999999996,-1.0,D
2026-05-09,2025/26,Liverpool,Chelsea,76.79323919876651,1.8,1.4,1.8,1.9000000000000004,0.8,D
2026-05-09,2025/26,Brighton,Wolves,163.10585351712757,1.6,0.8999999999999999,1.2,3.1,1.4,H
2026-05-09,2025/26,Fulham,Bournemouth,-46.12340594271495,-0.8000000000000003,-0.40000000000000013,-0.8999999999999998,-1.4000000000000004,-0.40000000000000013,A
2026-05-09,2025/26,Man City,Brentford,143.6667229293896,1.0000000000000002,1.2,1.0,3.0,1.0,H
2026-05-10,2025/26,West Ham,Arsenal,-212.0513867318973,-0.40000000000000013,-0.7,-1.1,-2.7999999999999994,0.19999999999999996,A
2026-05-10,2025/26,Nott'm Forest,Newcastle,-1.5778228216165644,2.0,0.40000000000000013,1.2,0.3000000000000007,0.0,D
2026-05-10,2025/26,Crystal Palace,Everton,-19.860092363856438,0.0,0.2999999999999998,-0.19999999999999996,-2.1999999999999997,0.20000000000000018,D
2026-05-10,2025/26,Burnley,Aston Villa,-207.3344616913398,-1.4,-0.6000000000000001,-0.7000000000000002,-1.3000000000000003,-0.2,D
2026-05-11,2025/26,Tottenham,Leeds,-52.41635258216911,-0.8000000000000003,-0.5999999999999999,-1.2999999999999998,-0.19999999999999973,-1.2,D
2026-05-13,2025/26,Man City,Crystal Palace,181.68138764905507,1.6,1.2,1.6,4.8,1.4000000000000001,H
2026-05-15,2025/26,Aston Villa,Liverpool,-39.544871234051925,-1.0,-0.7999999999999999,-1.1999999999999997,-0.8000000000000007,0.19999999999999996,H
2026-05-17,2025/26,Wolves,Fulham,-121.9908573163741,-0.6000000000000001,-0.4999999999999999,-0.8,-0.7000000000000002,0.6000000000000001,D
2026-05-17,2025/26,Leeds,Brighton,-58.46849617370253,0.20000000000000018,-0.8000000000000003,-0.6000000000000001,-1.1999999999999993,-0.6000000000000001,H
2026-05-17,2025/26,Newcastle,West Ham,54.8609354978546,-0.5999999999999999,-0.19999999999999996,0.10000000000000009,1.4000000000000004,0.3999999999999999,H
2026-05-17,2025/26,Brentford,Crystal Palace,32.542035774921715,0.6,-0.09999999999999987,0.30000000000000004,0.6000000000000001,0.6,D
2026-05-17,2025/26,Man United,Nott'm Forest,74.82736641561405,-0.20000000000000018,0.3999999999999999,-0.6000000000000001,1.3000000000000007,0.3999999999999999,H
2026-05-17,2025/26,Everton,Sunderland,20.8289255927657,-0.4,0.0,0.7,1.6000000000000005,-0.20000000000000018,A
2026-05-18,2025/26,Arsenal,Burnley,326.2241045342639,1.6,1.9000000000000001,2.3000000000000003,4.0,2.1999999999999997,H
2026-05-19,2025/26,Chelsea,Tottenham,86.06879203884864,-1.4000000000000001,-0.4,-0.2999999999999998,-2.3000000000000003,-1.2,H
2026-05-19,2025/26,Bournemouth,Man City,-113.86462823241914,0.0,-0.5999999999999999,-0.7,-1.9,-0.8000000000000003,D
2026-05-24,2025/26,Nott'm Forest,Bournemouth,-67.44031363682052,-0.20000000000000018,-0.19999999999999996,0.5000000000000002,-1.2999999999999998,-1.0000000000000002,D
2026-05-24,2025/26,Man City,Aston Villa,115.54414202712564,0.8000000000000003,1.1,1.5999999999999999,3.9,2.2,A
2026-05-24,2025/26,Sunderland,Chelsea,-21.82464748555367,0.19999999999999996,0.8,0.7999999999999999,0.399999999999999,0.0,H
2026-05-24,2025/26,Liverpool,Brentford,63.348949423358135,0.3999999999999999,0.19999999999999996,0.30000000000000004,0.39999999999999947,1.2000000000000002,D
2026-05-24,2025/26,Tottenham,Everton,-72.55666786518714,1.2000000000000002,-0.29999999999999993,-0.6000000000000001,0.1999999999999993,-0.6,H
2026-05-24,2025/26,Crystal Palace,Arsenal,-189.4035754682975,-2.0,-1.4,-1.7,-2.8,-0.19999999999999996,A
2026-05-24,2025/26,Burnley,Wolves,-26.763487915097357,-0.2,-0.7,-0.5000000000000002,-1.6,0.2,D
2026-05-24,2025/26,Brighton,Man United,-48.621235451744724,-1.2000000000000002,-0.10000000000000009,0.20000000000000007,0.6000000000000001,0.7999999999999998,A
2026-05-24,2025/26,Fulham,Newcastle,-20.807121480335127,-0.3999999999999999,-0.10000000000000009,-0.40000000000000013,-0.40000000000000036,1.0,H
2026-05-24,2025/26,West Ham,Leeds,-50.71341089773864,-1.4000000000000001,-0.5,-1.0,-1.2000000000000002,0.20000000000000018,H
